-- --------------------------------------------------------
-- Hôte:                         127.0.0.1
-- Version du serveur:           8.0.30 - MySQL Community Server - GPL
-- SE du serveur:                Win64
-- HeidiSQL Version:             12.1.0.6537
-- --------------------------------------------------------

/*!40101 SET @OLD_CHARACTER_SET_CLIENT=@@CHARACTER_SET_CLIENT */;
/*!40101 SET NAMES utf8 */;
/*!50503 SET NAMES utf8mb4 */;
/*!40103 SET @OLD_TIME_ZONE=@@TIME_ZONE */;
/*!40103 SET TIME_ZONE='+00:00' */;
/*!40014 SET @OLD_FOREIGN_KEY_CHECKS=@@FOREIGN_KEY_CHECKS, FOREIGN_KEY_CHECKS=0 */;
/*!40101 SET @OLD_SQL_MODE=@@SQL_MODE, SQL_MODE='NO_AUTO_VALUE_ON_ZERO' */;
/*!40111 SET @OLD_SQL_NOTES=@@SQL_NOTES, SQL_NOTES=0 */;


-- Listage de la structure de la base pour guidelol
CREATE DATABASE IF NOT EXISTS `guidelol` /*!40100 DEFAULT CHARACTER SET utf8mb4 COLLATE utf8mb4_0900_ai_ci */ /*!80016 DEFAULT ENCRYPTION='N' */;
USE `guidelol`;

-- Listage de la structure de table guidelol. associations_arbres_runes
CREATE TABLE IF NOT EXISTS `associations_arbres_runes` (
  `id` int NOT NULL AUTO_INCREMENT,
  `type` varchar(10) CHARACTER SET utf8mb4 COLLATE utf8mb4_unicode_ci NOT NULL,
  PRIMARY KEY (`id`)
) ENGINE=InnoDB AUTO_INCREMENT=650 DEFAULT CHARSET=utf8mb4 COLLATE=utf8mb4_unicode_ci;

-- Listage des données de la table guidelol.associations_arbres_runes : ~48 rows (environ)
INSERT INTO `associations_arbres_runes` (`id`, `type`) VALUES
	(542, 'Primaire'),
	(543, 'Primaire'),
	(544, 'Primaire'),
	(545, 'Primaire'),
	(546, 'Secondaire'),
	(547, 'Secondaire'),
	(548, 'Primaire'),
	(549, 'Primaire'),
	(550, 'Primaire'),
	(551, 'Primaire'),
	(552, 'Secondaire'),
	(553, 'Secondaire'),
	(554, 'Primaire'),
	(555, 'Primaire'),
	(556, 'Primaire'),
	(557, 'Primaire'),
	(558, 'Secondaire'),
	(559, 'Secondaire'),
	(560, 'Primaire'),
	(561, 'Primaire'),
	(562, 'Primaire'),
	(563, 'Primaire'),
	(564, 'Secondaire'),
	(565, 'Secondaire'),
	(566, 'Primaire'),
	(567, 'Primaire'),
	(568, 'Primaire'),
	(569, 'Primaire'),
	(570, 'Secondaire'),
	(571, 'Secondaire'),
	(572, 'Primaire'),
	(573, 'Primaire'),
	(574, 'Primaire'),
	(575, 'Primaire'),
	(576, 'Secondaire'),
	(577, 'Secondaire'),
	(578, 'Primaire'),
	(579, 'Primaire'),
	(580, 'Primaire'),
	(581, 'Primaire'),
	(582, 'Secondaire'),
	(583, 'Secondaire'),
	(590, 'Primaire'),
	(591, 'Primaire'),
	(592, 'Primaire'),
	(593, 'Primaire'),
	(594, 'Secondaire'),
	(595, 'Secondaire'),
	(632, 'Primaire'),
	(633, 'Primaire'),
	(634, 'Primaire'),
	(635, 'Primaire'),
	(636, 'Secondaire'),
	(637, 'Secondaire'),
	(638, 'Secondaire'),
	(639, 'Secondaire'),
	(640, 'Primaire'),
	(641, 'Primaire'),
	(642, 'Primaire'),
	(643, 'Primaire'),
	(644, 'Secondaire'),
	(645, 'Secondaire'),
	(646, 'Primaire'),
	(647, 'Primaire'),
	(648, 'Primaire'),
	(649, 'Primaire');

-- Listage de la structure de table guidelol. associations_competences_niveaux
CREATE TABLE IF NOT EXISTS `associations_competences_niveaux` (
  `id` int NOT NULL AUTO_INCREMENT,
  `niveaux` longtext CHARACTER SET utf8mb4 COLLATE utf8mb4_unicode_ci NOT NULL COMMENT '(DC2Type:simple_array)',
  PRIMARY KEY (`id`)
) ENGINE=InnoDB AUTO_INCREMENT=383 DEFAULT CHARSET=utf8mb4 COLLATE=utf8mb4_unicode_ci;

-- Listage des données de la table guidelol.associations_competences_niveaux : ~32 rows (environ)
INSERT INTO `associations_competences_niveaux` (`id`, `niveaux`) VALUES
	(323, '1,7,13,17,18'),
	(324, '2,6,8,12,14'),
	(325, '3,5,9,11,15'),
	(326, '4,10,16'),
	(327, '1,2,3,4,5'),
	(328, '6,7,8,9,10'),
	(329, '11,12,13,14,15'),
	(330, '16,17,18'),
	(331, '1,2,3,4,5'),
	(332, '6,7,8,9,10'),
	(333, '11,12,13,14,15'),
	(334, '16,17,18'),
	(335, '1,2,3,4,5'),
	(336, '6,7,8,9,10'),
	(337, '11,12,13,14,15'),
	(338, '16,17,18'),
	(339, '1,2,3,4,5'),
	(340, '6,7,8,9,10'),
	(341, '11,12,13,14,15'),
	(342, '16,17,18'),
	(343, '1,8,9,10,11'),
	(344, '2,7,12,13,14'),
	(345, '3,6,15,16,17'),
	(346, '4,5,18'),
	(347, '1,2,3,4,5'),
	(348, '6,7,8,9,10'),
	(349, '11,12,13,14,15'),
	(350, '16,17,18'),
	(355, '1,2,3,4,5'),
	(356, '6,7,8,9,10'),
	(357, '11,12,13,14,15'),
	(358, '16,17,18'),
	(375, '1,4,5,7,9'),
	(376, '2,8,10,12,13'),
	(377, '3,14,17,18'),
	(378, '6,11,16'),
	(379, '1,4,5,7,9'),
	(380, '2,14,15,17,18'),
	(381, '3,8,10,12,13'),
	(382, '6,11,16');

-- Listage de la structure de table guidelol. associations_runes_bonus
CREATE TABLE IF NOT EXISTS `associations_runes_bonus` (
  `id` int NOT NULL AUTO_INCREMENT,
  `type` varchar(20) CHARACTER SET utf8mb4 COLLATE utf8mb4_unicode_ci NOT NULL,
  PRIMARY KEY (`id`)
) ENGINE=InnoDB AUTO_INCREMENT=947 DEFAULT CHARSET=utf8mb4 COLLATE=utf8mb4_unicode_ci;

-- Listage des données de la table guidelol.associations_runes_bonus : ~72 rows (environ)
INSERT INTO `associations_runes_bonus` (`id`, `type`) VALUES
	(785, 'Rune'),
	(786, 'Rune'),
	(787, 'Rune'),
	(788, 'Rune'),
	(789, 'Rune'),
	(790, 'Rune'),
	(791, 'Bonus'),
	(792, 'Bonus'),
	(793, 'Bonus'),
	(794, 'Rune'),
	(795, 'Rune'),
	(796, 'Rune'),
	(797, 'Rune'),
	(798, 'Rune'),
	(799, 'Rune'),
	(800, 'Bonus'),
	(801, 'Bonus'),
	(802, 'Bonus'),
	(803, 'Rune'),
	(804, 'Rune'),
	(805, 'Rune'),
	(806, 'Rune'),
	(807, 'Rune'),
	(808, 'Rune'),
	(809, 'Bonus'),
	(810, 'Bonus'),
	(811, 'Bonus'),
	(812, 'Rune'),
	(813, 'Rune'),
	(814, 'Rune'),
	(815, 'Rune'),
	(816, 'Rune'),
	(817, 'Rune'),
	(818, 'Bonus'),
	(819, 'Bonus'),
	(820, 'Bonus'),
	(821, 'Rune'),
	(822, 'Rune'),
	(823, 'Rune'),
	(824, 'Rune'),
	(825, 'Rune'),
	(826, 'Rune'),
	(827, 'Bonus'),
	(828, 'Bonus'),
	(829, 'Bonus'),
	(830, 'Rune'),
	(831, 'Rune'),
	(832, 'Rune'),
	(833, 'Rune'),
	(834, 'Rune'),
	(835, 'Rune'),
	(836, 'Bonus'),
	(837, 'Bonus'),
	(838, 'Bonus'),
	(839, 'Rune'),
	(840, 'Rune'),
	(841, 'Rune'),
	(842, 'Rune'),
	(843, 'Rune'),
	(844, 'Rune'),
	(845, 'Bonus'),
	(846, 'Bonus'),
	(847, 'Bonus'),
	(857, 'Rune'),
	(858, 'Rune'),
	(859, 'Rune'),
	(860, 'Rune'),
	(861, 'Rune'),
	(862, 'Rune'),
	(863, 'Bonus'),
	(864, 'Bonus'),
	(865, 'Bonus'),
	(920, 'Rune'),
	(921, 'Rune'),
	(922, 'Rune'),
	(923, 'Rune'),
	(924, 'Rune'),
	(925, 'Rune'),
	(926, 'Bonus'),
	(927, 'Bonus'),
	(928, 'Bonus'),
	(929, 'Rune'),
	(930, 'Rune'),
	(931, 'Rune'),
	(932, 'Rune'),
	(933, 'Rune'),
	(934, 'Rune'),
	(935, 'Bonus'),
	(936, 'Bonus'),
	(937, 'Bonus'),
	(938, 'Rune'),
	(939, 'Rune'),
	(940, 'Rune'),
	(941, 'Rune'),
	(942, 'Rune'),
	(943, 'Rune'),
	(944, 'Bonus'),
	(945, 'Bonus'),
	(946, 'Bonus');

-- Listage de la structure de table guidelol. choix_arbres
CREATE TABLE IF NOT EXISTS `choix_arbres` (
  `associations_runes_bonus_id` int NOT NULL,
  `associations_arbres_runes_id` int NOT NULL,
  PRIMARY KEY (`associations_runes_bonus_id`,`associations_arbres_runes_id`),
  KEY `IDX_E36C27118E20FAE3` (`associations_runes_bonus_id`),
  KEY `IDX_E36C2711C49E7A84` (`associations_arbres_runes_id`),
  CONSTRAINT `FK_E36C27118E20FAE3` FOREIGN KEY (`associations_runes_bonus_id`) REFERENCES `associations_runes_bonus` (`id`) ON DELETE CASCADE,
  CONSTRAINT `FK_E36C2711C49E7A84` FOREIGN KEY (`associations_arbres_runes_id`) REFERENCES `associations_arbres_runes` (`id`) ON DELETE CASCADE
) ENGINE=InnoDB DEFAULT CHARSET=utf8mb4 COLLATE=utf8mb4_unicode_ci;

-- Listage des données de la table guidelol.choix_arbres : ~66 rows (environ)
INSERT INTO `choix_arbres` (`associations_runes_bonus_id`, `associations_arbres_runes_id`) VALUES
	(785, 542),
	(786, 543),
	(787, 544),
	(788, 545),
	(789, 546),
	(790, 547),
	(794, 548),
	(795, 549),
	(796, 550),
	(797, 551),
	(798, 552),
	(799, 553),
	(803, 554),
	(804, 555),
	(805, 556),
	(806, 557),
	(807, 558),
	(808, 559),
	(812, 560),
	(813, 561),
	(814, 562),
	(815, 563),
	(816, 564),
	(817, 565),
	(821, 566),
	(822, 567),
	(823, 568),
	(824, 569),
	(825, 570),
	(826, 571),
	(830, 572),
	(831, 573),
	(832, 574),
	(833, 575),
	(834, 576),
	(835, 577),
	(839, 578),
	(840, 579),
	(841, 580),
	(842, 581),
	(843, 582),
	(844, 583),
	(857, 590),
	(858, 591),
	(859, 592),
	(860, 593),
	(861, 594),
	(862, 595),
	(920, 632),
	(921, 633),
	(922, 634),
	(923, 635),
	(924, 636),
	(925, 637),
	(929, 638),
	(930, 639),
	(931, 640),
	(932, 641),
	(933, 642),
	(934, 643),
	(938, 644),
	(939, 645),
	(940, 646),
	(941, 647),
	(942, 648),
	(943, 649);

-- Listage de la structure de table guidelol. choix_competences_niveaux
CREATE TABLE IF NOT EXISTS `choix_competences_niveaux` (
  `competences_group_id` int NOT NULL,
  `associations_competences_niveaux_id` int NOT NULL,
  PRIMARY KEY (`competences_group_id`,`associations_competences_niveaux_id`),
  KEY `IDX_A3F0C9A1B1400904` (`competences_group_id`),
  KEY `IDX_A3F0C9A18E5F4FAE` (`associations_competences_niveaux_id`),
  CONSTRAINT `FK_A3F0C9A18E5F4FAE` FOREIGN KEY (`associations_competences_niveaux_id`) REFERENCES `associations_competences_niveaux` (`id`) ON DELETE CASCADE,
  CONSTRAINT `FK_A3F0C9A1B1400904` FOREIGN KEY (`competences_group_id`) REFERENCES `competences_group` (`id`) ON DELETE CASCADE
) ENGINE=InnoDB DEFAULT CHARSET=utf8mb4 COLLATE=utf8mb4_unicode_ci;

-- Listage des données de la table guidelol.choix_competences_niveaux : ~40 rows (environ)
INSERT INTO `choix_competences_niveaux` (`competences_group_id`, `associations_competences_niveaux_id`) VALUES
	(36, 355),
	(36, 356),
	(36, 357),
	(36, 358),
	(37, 323),
	(37, 324),
	(37, 325),
	(37, 326),
	(38, 327),
	(38, 328),
	(38, 329),
	(38, 330),
	(39, 331),
	(39, 332),
	(39, 333),
	(39, 334),
	(40, 335),
	(40, 336),
	(40, 337),
	(40, 338),
	(41, 339),
	(41, 340),
	(41, 341),
	(41, 342),
	(42, 343),
	(42, 344),
	(42, 345),
	(42, 346),
	(43, 347),
	(43, 348),
	(43, 349),
	(43, 350),
	(44, 375),
	(44, 376),
	(44, 377),
	(44, 378),
	(45, 379),
	(45, 380),
	(45, 381),
	(45, 382);

-- Listage de la structure de table guidelol. choix_items
CREATE TABLE IF NOT EXISTS `choix_items` (
  `items_group_id` int NOT NULL,
  `data_item_id` int NOT NULL,
  PRIMARY KEY (`items_group_id`,`data_item_id`),
  KEY `IDX_299CCA8A892F6989` (`items_group_id`),
  KEY `IDX_299CCA8A766404AF` (`data_item_id`),
  CONSTRAINT `FK_299CCA8A766404AF` FOREIGN KEY (`data_item_id`) REFERENCES `data_item` (`id`) ON DELETE CASCADE,
  CONSTRAINT `FK_299CCA8A892F6989` FOREIGN KEY (`items_group_id`) REFERENCES `items_group` (`id`) ON DELETE CASCADE
) ENGINE=InnoDB DEFAULT CHARSET=utf8mb4 COLLATE=utf8mb4_unicode_ci;

-- Listage des données de la table guidelol.choix_items : ~98 rows (environ)
INSERT INTO `choix_items` (`items_group_id`, `data_item_id`) VALUES
	(100, 1004),
	(100, 2031),
	(100, 3340),
	(100, 3363),
	(101, 3363),
	(101, 3364),
	(101, 3599),
	(102, 3330),
	(102, 3340),
	(102, 3363),
	(102, 3364),
	(102, 3599),
	(103, 1004),
	(103, 1102),
	(103, 2031),
	(103, 2055),
	(103, 3854),
	(103, 3858),
	(103, 3862),
	(104, 1011),
	(104, 1055),
	(104, 3111),
	(104, 3133),
	(104, 3802),
	(104, 6620),
	(104, 8020),
	(105, 2055),
	(105, 3111),
	(105, 3133),
	(105, 3134),
	(105, 3340),
	(105, 3802),
	(106, 3011),
	(106, 3041),
	(106, 3504),
	(106, 3802),
	(106, 4003),
	(106, 8020),
	(107, 3035),
	(107, 3131),
	(107, 3803),
	(107, 4635),
	(107, 6670),
	(107, 8020),
	(108, 1004),
	(108, 2031),
	(108, 3068),
	(108, 3116),
	(108, 3119),
	(108, 6695),
	(109, 1102),
	(109, 2003),
	(109, 3340),
	(110, 3047),
	(110, 3111),
	(110, 3158),
	(111, 3036),
	(111, 3074),
	(111, 3142),
	(111, 3158),
	(111, 3508),
	(111, 6676),
	(111, 6693),
	(112, 1001),
	(112, 3026),
	(112, 3071),
	(112, 3156),
	(112, 3161),
	(112, 6333),
	(112, 6632),
	(113, 3036),
	(113, 3074),
	(113, 3508),
	(113, 6676),
	(113, 6692),
	(113, 6693),
	(114, 1001),
	(114, 3071),
	(114, 3074),
	(114, 3156),
	(114, 3161),
	(114, 6333),
	(114, 6632),
	(115, 1001),
	(115, 3026),
	(115, 3074),
	(115, 3156),
	(115, 3161),
	(115, 6333),
	(115, 6630),
	(116, 3026),
	(116, 3033),
	(116, 3065),
	(116, 3077),
	(116, 3814),
	(116, 6609),
	(116, 6694),
	(116, 6695);

-- Listage de la structure de table guidelol. choix_runes
CREATE TABLE IF NOT EXISTS `choix_runes` (
  `associations_arbres_runes_id` int NOT NULL,
  `data_rune_id` int NOT NULL,
  PRIMARY KEY (`associations_arbres_runes_id`,`data_rune_id`),
  KEY `IDX_429C6E95C49E7A84` (`associations_arbres_runes_id`),
  KEY `IDX_429C6E956A8506C0` (`data_rune_id`),
  CONSTRAINT `FK_429C6E956A8506C0` FOREIGN KEY (`data_rune_id`) REFERENCES `data_rune` (`id`) ON DELETE CASCADE,
  CONSTRAINT `FK_429C6E95C49E7A84` FOREIGN KEY (`associations_arbres_runes_id`) REFERENCES `associations_arbres_runes` (`id`) ON DELETE CASCADE
) ENGINE=InnoDB DEFAULT CHARSET=utf8mb4 COLLATE=utf8mb4_unicode_ci;

-- Listage des données de la table guidelol.choix_runes : ~66 rows (environ)
INSERT INTO `choix_runes` (`associations_arbres_runes_id`, `data_rune_id`) VALUES
	(542, 8124),
	(543, 8139),
	(544, 8120),
	(545, 8134),
	(546, 8224),
	(547, 8210),
	(548, 8124),
	(549, 8139),
	(550, 8120),
	(551, 8134),
	(552, 8224),
	(553, 8210),
	(554, 8360),
	(555, 8313),
	(556, 8345),
	(557, 8352),
	(558, 8224),
	(559, 8234),
	(560, 8465),
	(561, 8401),
	(562, 8444),
	(563, 8453),
	(564, 8234),
	(565, 8232),
	(566, 8005),
	(567, 9111),
	(568, 9105),
	(569, 8017),
	(570, 8224),
	(571, 8210),
	(572, 8369),
	(573, 8313),
	(574, 8345),
	(575, 8352),
	(576, 8224),
	(577, 8234),
	(578, 8008),
	(579, 9111),
	(580, 9105),
	(581, 8017),
	(582, 8224),
	(583, 8234),
	(590, 8112),
	(591, 8139),
	(592, 8120),
	(593, 8134),
	(594, 8226),
	(595, 8232),
	(632, 8112),
	(633, 8143),
	(634, 8138),
	(635, 8135),
	(636, 8304),
	(637, 8321),
	(638, 8143),
	(639, 8135),
	(640, 8369),
	(641, 8304),
	(642, 8321),
	(643, 8347),
	(644, 8304),
	(645, 8347),
	(646, 8008),
	(647, 9111),
	(648, 9104),
	(649, 8299);

-- Listage de la structure de table guidelol. choix_runes_pages
CREATE TABLE IF NOT EXISTS `choix_runes_pages` (
  `runes_page_id` int NOT NULL,
  `associations_runes_bonus_id` int NOT NULL,
  PRIMARY KEY (`runes_page_id`,`associations_runes_bonus_id`),
  KEY `IDX_456D4087885BA943` (`runes_page_id`),
  KEY `IDX_456D40878E20FAE3` (`associations_runes_bonus_id`),
  CONSTRAINT `FK_456D4087885BA943` FOREIGN KEY (`runes_page_id`) REFERENCES `runes_page` (`id`) ON DELETE CASCADE,
  CONSTRAINT `FK_456D40878E20FAE3` FOREIGN KEY (`associations_runes_bonus_id`) REFERENCES `associations_runes_bonus` (`id`) ON DELETE CASCADE
) ENGINE=InnoDB DEFAULT CHARSET=utf8mb4 COLLATE=utf8mb4_unicode_ci;

-- Listage des données de la table guidelol.choix_runes_pages : ~99 rows (environ)
INSERT INTO `choix_runes_pages` (`runes_page_id`, `associations_runes_bonus_id`) VALUES
	(45, 857),
	(45, 858),
	(45, 859),
	(45, 860),
	(45, 861),
	(45, 862),
	(45, 863),
	(45, 864),
	(45, 865),
	(46, 785),
	(46, 786),
	(46, 787),
	(46, 788),
	(46, 789),
	(46, 790),
	(46, 791),
	(46, 792),
	(46, 793),
	(47, 794),
	(47, 795),
	(47, 796),
	(47, 797),
	(47, 798),
	(47, 799),
	(47, 800),
	(47, 801),
	(47, 802),
	(48, 803),
	(48, 804),
	(48, 805),
	(48, 806),
	(48, 807),
	(48, 808),
	(48, 809),
	(48, 810),
	(48, 811),
	(49, 812),
	(49, 813),
	(49, 814),
	(49, 815),
	(49, 816),
	(49, 817),
	(49, 818),
	(49, 819),
	(49, 820),
	(50, 821),
	(50, 822),
	(50, 823),
	(50, 824),
	(50, 825),
	(50, 826),
	(50, 827),
	(50, 828),
	(50, 829),
	(51, 830),
	(51, 831),
	(51, 832),
	(51, 833),
	(51, 834),
	(51, 835),
	(51, 836),
	(51, 837),
	(51, 838),
	(52, 839),
	(52, 840),
	(52, 841),
	(52, 842),
	(52, 843),
	(52, 844),
	(52, 845),
	(52, 846),
	(52, 847),
	(53, 938),
	(53, 939),
	(53, 940),
	(53, 941),
	(53, 942),
	(53, 943),
	(53, 944),
	(53, 945),
	(53, 946),
	(54, 929),
	(54, 930),
	(54, 931),
	(54, 932),
	(54, 933),
	(54, 934),
	(54, 935),
	(54, 936),
	(54, 937),
	(55, 920),
	(55, 921),
	(55, 922),
	(55, 923),
	(55, 924),
	(55, 925),
	(55, 926),
	(55, 927),
	(55, 928);

-- Listage de la structure de table guidelol. choix_sort_invocateur
CREATE TABLE IF NOT EXISTS `choix_sort_invocateur` (
  `sort_invocateur_id` int NOT NULL,
  `data_sort_invocateur_id` varchar(30) CHARACTER SET utf8mb4 COLLATE utf8mb4_unicode_ci NOT NULL,
  PRIMARY KEY (`sort_invocateur_id`,`data_sort_invocateur_id`),
  KEY `IDX_1487B837A207090` (`sort_invocateur_id`),
  KEY `IDX_1487B8350930EAF` (`data_sort_invocateur_id`),
  CONSTRAINT `FK_1487B8350930EAF` FOREIGN KEY (`data_sort_invocateur_id`) REFERENCES `data_sort_invocateur` (`id`) ON DELETE CASCADE,
  CONSTRAINT `FK_1487B837A207090` FOREIGN KEY (`sort_invocateur_id`) REFERENCES `sort_invocateur` (`id`) ON DELETE CASCADE
) ENGINE=InnoDB DEFAULT CHARSET=utf8mb4 COLLATE=utf8mb4_unicode_ci;

-- Listage des données de la table guidelol.choix_sort_invocateur : ~18 rows (environ)
INSERT INTO `choix_sort_invocateur` (`sort_invocateur_id`, `data_sort_invocateur_id`) VALUES
	(94, 'SummonerFlash'),
	(94, 'SummonerSmite'),
	(95, 'SummonerBarrier'),
	(95, 'SummonerDot'),
	(96, 'SummonerBarrier'),
	(96, 'SummonerBoost'),
	(97, 'SummonerHaste'),
	(97, 'SummonerHeal'),
	(98, 'SummonerDot'),
	(98, 'SummonerExhaust'),
	(99, 'SummonerHaste'),
	(99, 'SummonerTeleport'),
	(100, 'SummonerFlash'),
	(100, 'SummonerSmite'),
	(101, 'SummonerFlash'),
	(101, 'SummonerHeal'),
	(102, 'SummonerFlash'),
	(102, 'SummonerTeleport'),
	(103, 'SummonerFlash'),
	(103, 'SummonerHeal'),
	(104, 'SummonerFlash'),
	(104, 'SummonerSmite'),
	(105, 'SummonerHaste'),
	(105, 'SummonerSmite');

-- Listage de la structure de table guidelol. choix_statistiques_bonus
CREATE TABLE IF NOT EXISTS `choix_statistiques_bonus` (
  `associations_runes_bonus_id` int NOT NULL,
  `data_statistique_bonus_id` int NOT NULL,
  PRIMARY KEY (`associations_runes_bonus_id`,`data_statistique_bonus_id`),
  KEY `IDX_68A8F9E08E20FAE3` (`associations_runes_bonus_id`),
  KEY `IDX_68A8F9E02129CEC0` (`data_statistique_bonus_id`),
  CONSTRAINT `FK_68A8F9E02129CEC0` FOREIGN KEY (`data_statistique_bonus_id`) REFERENCES `data_statistique_bonus` (`id`) ON DELETE CASCADE,
  CONSTRAINT `FK_68A8F9E08E20FAE3` FOREIGN KEY (`associations_runes_bonus_id`) REFERENCES `associations_runes_bonus` (`id`) ON DELETE CASCADE
) ENGINE=InnoDB DEFAULT CHARSET=utf8mb4 COLLATE=utf8mb4_unicode_ci;

-- Listage des données de la table guidelol.choix_statistiques_bonus : ~24 rows (environ)
INSERT INTO `choix_statistiques_bonus` (`associations_runes_bonus_id`, `data_statistique_bonus_id`) VALUES
	(791, 2),
	(792, 5),
	(793, 8),
	(800, 2),
	(801, 5),
	(802, 8),
	(809, 1),
	(810, 6),
	(811, 9),
	(818, 2),
	(819, 5),
	(820, 8),
	(827, 1),
	(828, 5),
	(829, 8),
	(836, 2),
	(837, 4),
	(838, 8),
	(845, 1),
	(846, 5),
	(847, 8),
	(863, 2),
	(864, 4),
	(865, 8),
	(926, 2),
	(927, 4),
	(928, 7),
	(935, 2),
	(936, 4),
	(937, 7),
	(944, 2),
	(945, 4),
	(946, 8);

-- Listage de la structure de table guidelol. competences
CREATE TABLE IF NOT EXISTS `competences` (
  `associations_competences_niveaux_id` int NOT NULL,
  `data_competence_id` varchar(30) CHARACTER SET utf8mb4 COLLATE utf8mb4_unicode_ci NOT NULL,
  PRIMARY KEY (`associations_competences_niveaux_id`,`data_competence_id`),
  KEY `IDX_DB2077CE8E5F4FAE` (`associations_competences_niveaux_id`),
  KEY `IDX_DB2077CEE4340981` (`data_competence_id`),
  CONSTRAINT `FK_DB2077CE8E5F4FAE` FOREIGN KEY (`associations_competences_niveaux_id`) REFERENCES `associations_competences_niveaux` (`id`) ON DELETE CASCADE,
  CONSTRAINT `FK_DB2077CEE4340981` FOREIGN KEY (`data_competence_id`) REFERENCES `data_competence` (`id`) ON DELETE CASCADE
) ENGINE=InnoDB DEFAULT CHARSET=utf8mb4 COLLATE=utf8mb4_unicode_ci;

-- Listage des données de la table guidelol.competences : ~32 rows (environ)
INSERT INTO `competences` (`associations_competences_niveaux_id`, `data_competence_id`) VALUES
	(323, 'AatroxQ'),
	(324, 'AatroxW'),
	(325, 'AatroxE'),
	(326, 'AatroxR'),
	(327, 'AsheQ'),
	(328, 'Volley'),
	(329, 'AsheSpiritOfTheHawk'),
	(330, 'EnchantedCrystalArrow'),
	(331, 'Pulverize'),
	(332, 'Headbutt'),
	(333, 'AlistarE'),
	(334, 'FerociousHowl'),
	(335, 'BelvethQ'),
	(336, 'BelvethW'),
	(337, 'BelvethE'),
	(338, 'BelvethR'),
	(339, 'RenataQ'),
	(340, 'RenataW'),
	(341, 'RenataE'),
	(342, 'RenataR'),
	(343, 'AzirQWrapper'),
	(344, 'AzirW'),
	(345, 'AzirEWrapper'),
	(346, 'AzirR'),
	(347, 'VayneTumble'),
	(348, 'VayneSilveredBolts'),
	(349, 'VayneCondemn'),
	(350, 'VayneInquisition'),
	(355, 'RengarQ'),
	(356, 'RengarW'),
	(357, 'RengarE'),
	(358, 'RengarR'),
	(375, 'RengarQ'),
	(376, 'RengarW'),
	(377, 'RengarE'),
	(378, 'RengarR'),
	(379, 'RengarQ'),
	(380, 'RengarW'),
	(381, 'RengarE'),
	(382, 'RengarR');

-- Listage de la structure de table guidelol. competences_group
CREATE TABLE IF NOT EXISTS `competences_group` (
  `id` int NOT NULL AUTO_INCREMENT,
  `guide_id` int DEFAULT NULL,
  `titre` varchar(50) CHARACTER SET utf8mb4 COLLATE utf8mb4_unicode_ci DEFAULT NULL,
  `commentaire` longtext CHARACTER SET utf8mb4 COLLATE utf8mb4_unicode_ci,
  `ordre` int NOT NULL,
  PRIMARY KEY (`id`),
  KEY `IDX_A6069EADD7ED1D4B` (`guide_id`),
  CONSTRAINT `FK_A6069EADD7ED1D4B` FOREIGN KEY (`guide_id`) REFERENCES `guide` (`id`)
) ENGINE=InnoDB AUTO_INCREMENT=46 DEFAULT CHARSET=utf8mb4 COLLATE=utf8mb4_unicode_ci;

-- Listage des données de la table guidelol.competences_group : ~8 rows (environ)
INSERT INTO `competences_group` (`id`, `guide_id`, `titre`, `commentaire`, `ordre`) VALUES
	(36, 117, NULL, NULL, 0),
	(37, 118, NULL, NULL, 0),
	(38, 120, NULL, NULL, 0),
	(39, 121, NULL, NULL, 0),
	(40, 122, NULL, NULL, 0),
	(41, 123, NULL, NULL, 0),
	(42, 124, NULL, NULL, 0),
	(43, 125, NULL, NULL, 0),
	(44, 126, 'Z max en 2eme', 'Le W en 2eme est le mieux en général dans cette meta car il permet de récupérer de la vie et supprimer les contrôles (stun etc)', 0),
	(45, 126, 'E max en 2eme', 'Si vous jouez assassin pour one shot les ennemis', 1);

-- Listage de la structure de table guidelol. data_champion
CREATE TABLE IF NOT EXISTS `data_champion` (
  `id` varchar(20) CHARACTER SET utf8mb4 COLLATE utf8mb4_unicode_ci NOT NULL,
  PRIMARY KEY (`id`)
) ENGINE=InnoDB DEFAULT CHARSET=utf8mb4 COLLATE=utf8mb4_unicode_ci;

-- Listage des données de la table guidelol.data_champion : ~165 rows (environ)
INSERT INTO `data_champion` (`id`) VALUES
	('Aatrox'),
	('Ahri'),
	('Akali'),
	('Akshan'),
	('Alistar'),
	('Amumu'),
	('Anivia'),
	('Annie'),
	('Aphelios'),
	('Ashe'),
	('AurelionSol'),
	('Azir'),
	('Bard'),
	('Belveth'),
	('Blitzcrank'),
	('Brand'),
	('Braum'),
	('Briar'),
	('Caitlyn'),
	('Camille'),
	('Cassiopeia'),
	('Chogath'),
	('Corki'),
	('Darius'),
	('Diana'),
	('Draven'),
	('DrMundo'),
	('Ekko'),
	('Elise'),
	('Evelynn'),
	('Ezreal'),
	('Fiddlesticks'),
	('Fiora'),
	('Fizz'),
	('Galio'),
	('Gangplank'),
	('Garen'),
	('Gnar'),
	('Gragas'),
	('Graves'),
	('Gwen'),
	('Hecarim'),
	('Heimerdinger'),
	('Illaoi'),
	('Irelia'),
	('Ivern'),
	('Janna'),
	('JarvanIV'),
	('Jax'),
	('Jayce'),
	('Jhin'),
	('Jinx'),
	('Kaisa'),
	('Kalista'),
	('Karma'),
	('Karthus'),
	('Kassadin'),
	('Katarina'),
	('Kayle'),
	('Kayn'),
	('Kennen'),
	('Khazix'),
	('Kindred'),
	('Kled'),
	('KogMaw'),
	('KSante'),
	('Leblanc'),
	('LeeSin'),
	('Leona'),
	('Lillia'),
	('Lissandra'),
	('Lucian'),
	('Lulu'),
	('Lux'),
	('Malphite'),
	('Malzahar'),
	('Maokai'),
	('MasterYi'),
	('Milio'),
	('MissFortune'),
	('MonkeyKing'),
	('Mordekaiser'),
	('Morgana'),
	('Naafiri'),
	('Nami'),
	('Nasus'),
	('Nautilus'),
	('Neeko'),
	('Nidalee'),
	('Nilah'),
	('Nocturne'),
	('Nunu'),
	('Olaf'),
	('Orianna'),
	('Ornn'),
	('Pantheon'),
	('Poppy'),
	('Pyke'),
	('Qiyana'),
	('Quinn'),
	('Rakan'),
	('Rammus'),
	('RekSai'),
	('Rell'),
	('Renata'),
	('Renekton'),
	('Rengar'),
	('Riven'),
	('Rumble'),
	('Ryze'),
	('Samira'),
	('Sejuani'),
	('Senna'),
	('Seraphine'),
	('Sett'),
	('Shaco'),
	('Shen'),
	('Shyvana'),
	('Singed'),
	('Sion'),
	('Sivir'),
	('Skarner'),
	('Sona'),
	('Soraka'),
	('Swain'),
	('Sylas'),
	('Syndra'),
	('TahmKench'),
	('Taliyah'),
	('Talon'),
	('Taric'),
	('Teemo'),
	('Thresh'),
	('Tristana'),
	('Trundle'),
	('Tryndamere'),
	('TwistedFate'),
	('Twitch'),
	('Udyr'),
	('Urgot'),
	('Varus'),
	('Vayne'),
	('Veigar'),
	('Velkoz'),
	('Vex'),
	('Vi'),
	('Viego'),
	('Viktor'),
	('Vladimir'),
	('Volibear'),
	('Warwick'),
	('Xayah'),
	('Xerath'),
	('XinZhao'),
	('Yasuo'),
	('Yone'),
	('Yorick'),
	('Yuumi'),
	('Zac'),
	('Zed'),
	('Zeri'),
	('Ziggs'),
	('Zilean'),
	('Zoe'),
	('Zyra');

-- Listage de la structure de table guidelol. data_competence
CREATE TABLE IF NOT EXISTS `data_competence` (
  `id` varchar(30) CHARACTER SET utf8mb4 COLLATE utf8mb4_unicode_ci NOT NULL,
  `nom_champion` varchar(20) CHARACTER SET utf8mb4 COLLATE utf8mb4_unicode_ci NOT NULL,
  `type` varchar(10) CHARACTER SET utf8mb4 COLLATE utf8mb4_unicode_ci NOT NULL,
  PRIMARY KEY (`id`)
) ENGINE=InnoDB DEFAULT CHARSET=utf8mb4 COLLATE=utf8mb4_unicode_ci;

-- Listage des données de la table guidelol.data_competence : ~660 rows (environ)
INSERT INTO `data_competence` (`id`, `nom_champion`, `type`) VALUES
	('AatroxE', 'Aatrox', 'E'),
	('AatroxQ', 'Aatrox', 'A'),
	('AatroxR', 'Aatrox', 'R'),
	('AatroxW', 'Aatrox', 'Z'),
	('AhriE', 'Ahri', 'E'),
	('AhriQ', 'Ahri', 'A'),
	('AhriR', 'Ahri', 'R'),
	('AhriW', 'Ahri', 'Z'),
	('AkaliE', 'Akali', 'E'),
	('AkaliQ', 'Akali', 'A'),
	('AkaliR', 'Akali', 'R'),
	('AkaliW', 'Akali', 'Z'),
	('AkshanE', 'Akshan', 'E'),
	('AkshanQ', 'Akshan', 'A'),
	('AkshanR', 'Akshan', 'R'),
	('AkshanW', 'Akshan', 'Z'),
	('AlistarE', 'Alistar', 'E'),
	('AlphaStrike', 'MasterYi', 'A'),
	('AnnieE', 'Annie', 'E'),
	('AnnieQ', 'Annie', 'A'),
	('AnnieR', 'Annie', 'R'),
	('AnnieW', 'Annie', 'Z'),
	('ApheliosE_ClientTooltipWrapper', 'Aphelios', 'E'),
	('ApheliosQ_ClientTooltipWrapper', 'Aphelios', 'A'),
	('ApheliosR', 'Aphelios', 'R'),
	('ApheliosW', 'Aphelios', 'Z'),
	('AsheQ', 'Ashe', 'A'),
	('AsheSpiritOfTheHawk', 'Ashe', 'E'),
	('AspectOfTheCougar', 'Nidalee', 'R'),
	('AuraofDespair', 'Amumu', 'Z'),
	('AurelionSolE', 'AurelionSol', 'E'),
	('AurelionSolQ', 'AurelionSol', 'A'),
	('AurelionSolR', 'AurelionSol', 'R'),
	('AurelionSolW', 'AurelionSol', 'Z'),
	('AzirEWrapper', 'Azir', 'E'),
	('AzirQWrapper', 'Azir', 'A'),
	('AzirR', 'Azir', 'R'),
	('AzirW', 'Azir', 'Z'),
	('BandageToss', 'Amumu', 'A'),
	('BardE', 'Bard', 'E'),
	('BardQ', 'Bard', 'A'),
	('BardR', 'Bard', 'R'),
	('BardW', 'Bard', 'Z'),
	('BelvethE', 'Belveth', 'E'),
	('BelvethQ', 'Belveth', 'A'),
	('BelvethR', 'Belveth', 'R'),
	('BelvethW', 'Belveth', 'Z'),
	('BlindingDart', 'Teemo', 'A'),
	('BlindMonkEOne', 'LeeSin', 'E'),
	('BlindMonkQOne', 'LeeSin', 'A'),
	('BlindMonkRKick', 'LeeSin', 'R'),
	('BlindMonkWOne', 'LeeSin', 'Z'),
	('BrandE', 'Brand', 'E'),
	('BrandQ', 'Brand', 'A'),
	('BrandR', 'Brand', 'R'),
	('BrandW', 'Brand', 'Z'),
	('BraumE', 'Braum', 'E'),
	('BraumQ', 'Braum', 'A'),
	('BraumRWrapper', 'Braum', 'R'),
	('BraumW', 'Braum', 'Z'),
	('BriarE', 'Briar', 'E'),
	('BriarQ', 'Briar', 'A'),
	('BriarR', 'Briar', 'R'),
	('BriarW', 'Briar', 'Z'),
	('Bushwhack', 'Nidalee', 'Z'),
	('CaitlynE', 'Caitlyn', 'E'),
	('CaitlynQ', 'Caitlyn', 'A'),
	('CaitlynR', 'Caitlyn', 'R'),
	('CaitlynW', 'Caitlyn', 'Z'),
	('CamilleE', 'Camille', 'E'),
	('CamilleQ', 'Camille', 'A'),
	('CamilleR', 'Camille', 'R'),
	('CamilleW', 'Camille', 'Z'),
	('CardmasterStack', 'TwistedFate', 'E'),
	('CarpetBomb', 'Corki', 'Z'),
	('CassiopeiaE', 'Cassiopeia', 'E'),
	('CassiopeiaQ', 'Cassiopeia', 'A'),
	('CassiopeiaR', 'Cassiopeia', 'R'),
	('CassiopeiaW', 'Cassiopeia', 'Z'),
	('ChronoShift', 'Zilean', 'R'),
	('Crystallize', 'Anivia', 'Z'),
	('CurseoftheSadMummy', 'Amumu', 'R'),
	('DariusAxeGrabCone', 'Darius', 'E'),
	('DariusCleave', 'Darius', 'A'),
	('DariusExecute', 'Darius', 'R'),
	('DariusNoxianTacticsONH', 'Darius', 'Z'),
	('Deceive', 'Shaco', 'A'),
	('DefensiveBallCurl', 'Rammus', 'Z'),
	('Destiny', 'TwistedFate', 'R'),
	('DianaOrbs', 'Diana', 'Z'),
	('DianaQ', 'Diana', 'A'),
	('DianaR', 'Diana', 'R'),
	('DianaTeleport', 'Diana', 'E'),
	('DravenDoubleShot', 'Draven', 'E'),
	('DravenFury', 'Draven', 'Z'),
	('DravenRCast', 'Draven', 'R'),
	('DravenSpinning', 'Draven', 'A'),
	('DrMundoE', 'DrMundo', 'E'),
	('DrMundoQ', 'DrMundo', 'A'),
	('DrMundoR', 'DrMundo', 'R'),
	('DrMundoW', 'DrMundo', 'Z'),
	('EkkoE', 'Ekko', 'E'),
	('EkkoQ', 'Ekko', 'A'),
	('EkkoR', 'Ekko', 'R'),
	('EkkoW', 'Ekko', 'Z'),
	('EliseHumanE', 'Elise', 'E'),
	('EliseHumanQ', 'Elise', 'A'),
	('EliseHumanW', 'Elise', 'Z'),
	('EliseR', 'Elise', 'R'),
	('EnchantedCrystalArrow', 'Ashe', 'R'),
	('EvelynnE', 'Evelynn', 'E'),
	('EvelynnQ', 'Evelynn', 'A'),
	('EvelynnR', 'Evelynn', 'R'),
	('EvelynnW', 'Evelynn', 'Z'),
	('EyeOfTheStorm', 'Janna', 'E'),
	('EzrealE', 'Ezreal', 'E'),
	('EzrealQ', 'Ezreal', 'A'),
	('EzrealR', 'Ezreal', 'R'),
	('EzrealW', 'Ezreal', 'Z'),
	('Feast', 'Chogath', 'R'),
	('FeralScream', 'Chogath', 'Z'),
	('FerociousHowl', 'Alistar', 'R'),
	('FiddleSticksE', 'Fiddlesticks', 'E'),
	('FiddleSticksQ', 'Fiddlesticks', 'A'),
	('FiddleSticksR', 'Fiddlesticks', 'R'),
	('FiddleSticksW', 'Fiddlesticks', 'Z'),
	('FioraE', 'Fiora', 'E'),
	('FioraQ', 'Fiora', 'A'),
	('FioraR', 'Fiora', 'R'),
	('FioraW', 'Fiora', 'Z'),
	('FizzE', 'Fizz', 'E'),
	('FizzQ', 'Fizz', 'A'),
	('FizzR', 'Fizz', 'R'),
	('FizzW', 'Fizz', 'Z'),
	('FlashFrost', 'Anivia', 'A'),
	('Fling', 'Singed', 'E'),
	('ForcePulse', 'Kassadin', 'E'),
	('Frostbite', 'Anivia', 'E'),
	('GalioE', 'Galio', 'E'),
	('GalioQ', 'Galio', 'A'),
	('GalioR', 'Galio', 'R'),
	('GalioW', 'Galio', 'Z'),
	('GangplankE', 'Gangplank', 'E'),
	('GangplankQWrapper', 'Gangplank', 'A'),
	('GangplankR', 'Gangplank', 'R'),
	('GangplankW', 'Gangplank', 'Z'),
	('GarenE', 'Garen', 'E'),
	('GarenQ', 'Garen', 'A'),
	('GarenR', 'Garen', 'R'),
	('GarenW', 'Garen', 'Z'),
	('GGun', 'Corki', 'E'),
	('GlacialStorm', 'Anivia', 'R'),
	('GnarE', 'Gnar', 'E'),
	('GnarQ', 'Gnar', 'A'),
	('GnarR', 'Gnar', 'R'),
	('GnarW', 'Gnar', 'Z'),
	('GragasE', 'Gragas', 'E'),
	('GragasQ', 'Gragas', 'A'),
	('GragasR', 'Gragas', 'R'),
	('GragasW', 'Gragas', 'Z'),
	('GravesChargeShot', 'Graves', 'R'),
	('GravesMove', 'Graves', 'E'),
	('GravesQLineSpell', 'Graves', 'A'),
	('GravesSmokeGrenade', 'Graves', 'Z'),
	('GwenE', 'Gwen', 'E'),
	('GwenQ', 'Gwen', 'A'),
	('GwenR', 'Gwen', 'R'),
	('GwenW', 'Gwen', 'Z'),
	('HallucinateFull', 'Shaco', 'R'),
	('Headbutt', 'Alistar', 'Z'),
	('HecarimRamp', 'Hecarim', 'E'),
	('HecarimRapidSlash', 'Hecarim', 'A'),
	('HecarimUlt', 'Hecarim', 'R'),
	('HecarimW', 'Hecarim', 'Z'),
	('HeimerdingerE', 'Heimerdinger', 'E'),
	('HeimerdingerQ', 'Heimerdinger', 'A'),
	('HeimerdingerR', 'Heimerdinger', 'R'),
	('HeimerdingerW', 'Heimerdinger', 'Z'),
	('Highlander', 'MasterYi', 'R'),
	('HowlingGale', 'Janna', 'A'),
	('IllaoiE', 'Illaoi', 'E'),
	('IllaoiQ', 'Illaoi', 'A'),
	('IllaoiR', 'Illaoi', 'R'),
	('IllaoiW', 'Illaoi', 'Z'),
	('InsanityPotion', 'Singed', 'R'),
	('IreliaE', 'Irelia', 'E'),
	('IreliaQ', 'Irelia', 'A'),
	('IreliaR', 'Irelia', 'R'),
	('IreliaW', 'Irelia', 'Z'),
	('IvernE', 'Ivern', 'E'),
	('IvernQ', 'Ivern', 'A'),
	('IvernR', 'Ivern', 'R'),
	('IvernW', 'Ivern', 'Z'),
	('JackInTheBox', 'Shaco', 'Z'),
	('JarvanIVCataclysm', 'JarvanIV', 'R'),
	('JarvanIVDemacianStandard', 'JarvanIV', 'E'),
	('JarvanIVDragonStrike', 'JarvanIV', 'A'),
	('JarvanIVGoldenAegis', 'JarvanIV', 'Z'),
	('JavelinToss', 'Nidalee', 'A'),
	('JaxE', 'Jax', 'E'),
	('JaxQ', 'Jax', 'A'),
	('JaxR', 'Jax', 'R'),
	('JaxW', 'Jax', 'Z'),
	('JayceStanceHtG', 'Jayce', 'R'),
	('JayceStaticField', 'Jayce', 'Z'),
	('JayceThunderingBlow', 'Jayce', 'E'),
	('JayceToTheSkies', 'Jayce', 'A'),
	('JhinE', 'Jhin', 'E'),
	('JhinQ', 'Jhin', 'A'),
	('JhinR', 'Jhin', 'R'),
	('JhinW', 'Jhin', 'Z'),
	('JinxE', 'Jinx', 'E'),
	('JinxQ', 'Jinx', 'A'),
	('JinxR', 'Jinx', 'R'),
	('JinxW', 'Jinx', 'Z'),
	('KaisaE', 'Kaisa', 'E'),
	('KaisaQ', 'Kaisa', 'A'),
	('KaisaR', 'Kaisa', 'R'),
	('KaisaW', 'Kaisa', 'Z'),
	('KalistaExpungeWrapper', 'Kalista', 'E'),
	('KalistaMysticShot', 'Kalista', 'A'),
	('KalistaRx', 'Kalista', 'R'),
	('KalistaW', 'Kalista', 'Z'),
	('KarmaMantra', 'Karma', 'R'),
	('KarmaQ', 'Karma', 'A'),
	('KarmaSolKimShield', 'Karma', 'E'),
	('KarmaSpiritBind', 'Karma', 'Z'),
	('KarthusDefile', 'Karthus', 'E'),
	('KarthusFallenOne', 'Karthus', 'R'),
	('KarthusLayWasteA1', 'Karthus', 'A'),
	('KarthusWallOfPain', 'Karthus', 'Z'),
	('KatarinaEWrapper', 'Katarina', 'E'),
	('KatarinaQ', 'Katarina', 'A'),
	('KatarinaR', 'Katarina', 'R'),
	('KatarinaW', 'Katarina', 'Z'),
	('KayleE', 'Kayle', 'E'),
	('KayleQ', 'Kayle', 'A'),
	('KayleR', 'Kayle', 'R'),
	('KayleW', 'Kayle', 'Z'),
	('KaynE', 'Kayn', 'E'),
	('KaynQ', 'Kayn', 'A'),
	('KaynR', 'Kayn', 'R'),
	('KaynW', 'Kayn', 'Z'),
	('KennenBringTheLight', 'Kennen', 'Z'),
	('KennenLightningRush', 'Kennen', 'E'),
	('KennenShurikenHurlMissile1', 'Kennen', 'A'),
	('KennenShurikenStorm', 'Kennen', 'R'),
	('KhazixE', 'Khazix', 'E'),
	('KhazixQ', 'Khazix', 'A'),
	('KhazixR', 'Khazix', 'R'),
	('KhazixW', 'Khazix', 'Z'),
	('KindredEWrapper', 'Kindred', 'E'),
	('KindredQ', 'Kindred', 'A'),
	('KindredR', 'Kindred', 'R'),
	('KindredW', 'Kindred', 'Z'),
	('KledE', 'Kled', 'E'),
	('KledQ', 'Kled', 'A'),
	('KledR', 'Kled', 'R'),
	('KledW', 'Kled', 'Z'),
	('KogMawBioArcaneBarrage', 'KogMaw', 'Z'),
	('KogMawLivingArtillery', 'KogMaw', 'R'),
	('KogMawQ', 'KogMaw', 'A'),
	('KogMawVoidOoze', 'KogMaw', 'E'),
	('KSanteE', 'KSante', 'E'),
	('KSanteQ', 'KSante', 'A'),
	('KSanteR', 'KSante', 'R'),
	('KSanteW', 'KSante', 'Z'),
	('Landslide', 'Malphite', 'E'),
	('LeblancE', 'Leblanc', 'E'),
	('LeblancQ', 'Leblanc', 'A'),
	('LeblancR', 'Leblanc', 'R'),
	('LeblancW', 'Leblanc', 'Z'),
	('LeonaShieldOfDaybreak', 'Leona', 'A'),
	('LeonaSolarBarrier', 'Leona', 'Z'),
	('LeonaSolarFlare', 'Leona', 'R'),
	('LeonaZenithBlade', 'Leona', 'E'),
	('LilliaE', 'Lillia', 'E'),
	('LilliaQ', 'Lillia', 'A'),
	('LilliaR', 'Lillia', 'R'),
	('LilliaW', 'Lillia', 'Z'),
	('LissandraE', 'Lissandra', 'E'),
	('LissandraQ', 'Lissandra', 'A'),
	('LissandraR', 'Lissandra', 'R'),
	('LissandraW', 'Lissandra', 'Z'),
	('LucianE', 'Lucian', 'E'),
	('LucianQ', 'Lucian', 'A'),
	('LucianR', 'Lucian', 'R'),
	('LucianW', 'Lucian', 'Z'),
	('LuluE', 'Lulu', 'E'),
	('LuluQ', 'Lulu', 'A'),
	('LuluR', 'Lulu', 'R'),
	('LuluW', 'Lulu', 'Z'),
	('LuxLightBinding', 'Lux', 'A'),
	('LuxLightStrikeKugel', 'Lux', 'E'),
	('LuxPrismaticWave', 'Lux', 'Z'),
	('LuxR', 'Lux', 'R'),
	('MalzaharE', 'Malzahar', 'E'),
	('MalzaharQ', 'Malzahar', 'A'),
	('MalzaharR', 'Malzahar', 'R'),
	('MalzaharW', 'Malzahar', 'Z'),
	('MaokaiE', 'Maokai', 'E'),
	('MaokaiQ', 'Maokai', 'A'),
	('MaokaiR', 'Maokai', 'R'),
	('MaokaiW', 'Maokai', 'Z'),
	('Meditate', 'MasterYi', 'Z'),
	('MegaAdhesive', 'Singed', 'Z'),
	('MilioE', 'Milio', 'E'),
	('MilioQ', 'Milio', 'A'),
	('MilioR', 'Milio', 'R'),
	('MilioW', 'Milio', 'Z'),
	('MissFortuneBulletTime', 'MissFortune', 'R'),
	('MissFortuneRicochetShot', 'MissFortune', 'A'),
	('MissFortuneScattershot', 'MissFortune', 'E'),
	('MissFortuneViciousStrikes', 'MissFortune', 'Z'),
	('MissileBarrage', 'Corki', 'R'),
	('MonkeyKingDecoy', 'MonkeyKing', 'Z'),
	('MonkeyKingDoubleAttack', 'MonkeyKing', 'A'),
	('MonkeyKingNimbus', 'MonkeyKing', 'E'),
	('MonkeyKingSpinToWin', 'MonkeyKing', 'R'),
	('MordekaiserE', 'Mordekaiser', 'E'),
	('MordekaiserQ', 'Mordekaiser', 'A'),
	('MordekaiserR', 'Mordekaiser', 'R'),
	('MordekaiserW', 'Mordekaiser', 'Z'),
	('MorganaE', 'Morgana', 'E'),
	('MorganaQ', 'Morgana', 'A'),
	('MorganaR', 'Morgana', 'R'),
	('MorganaW', 'Morgana', 'Z'),
	('MoveQuick', 'Teemo', 'Z'),
	('NaafiriE', 'Naafiri', 'E'),
	('NaafiriQ', 'Naafiri', 'A'),
	('NaafiriR', 'Naafiri', 'R'),
	('NaafiriW', 'Naafiri', 'Z'),
	('NamiE', 'Nami', 'E'),
	('NamiQ', 'Nami', 'A'),
	('NamiR', 'Nami', 'R'),
	('NamiW', 'Nami', 'Z'),
	('NasusE', 'Nasus', 'E'),
	('NasusQ', 'Nasus', 'A'),
	('NasusR', 'Nasus', 'R'),
	('NasusW', 'Nasus', 'Z'),
	('NautilusAnchorDrag', 'Nautilus', 'A'),
	('NautilusGrandLine', 'Nautilus', 'R'),
	('NautilusPiercingGaze', 'Nautilus', 'Z'),
	('NautilusSplashZone', 'Nautilus', 'E'),
	('NeekoE', 'Neeko', 'E'),
	('NeekoQ', 'Neeko', 'A'),
	('NeekoR', 'Neeko', 'R'),
	('NeekoW', 'Neeko', 'Z'),
	('NetherBlade', 'Kassadin', 'Z'),
	('NilahE', 'Nilah', 'E'),
	('NilahQ', 'Nilah', 'A'),
	('NilahR', 'Nilah', 'R'),
	('NilahW', 'Nilah', 'Z'),
	('NocturneDuskbringer', 'Nocturne', 'A'),
	('NocturneParanoia', 'Nocturne', 'R'),
	('NocturneShroudofDarkness', 'Nocturne', 'Z'),
	('NocturneUnspeakableHorror', 'Nocturne', 'E'),
	('NullLance', 'Kassadin', 'A'),
	('NunuE', 'Nunu', 'E'),
	('NunuQ', 'Nunu', 'A'),
	('NunuR', 'Nunu', 'R'),
	('NunuW', 'Nunu', 'Z'),
	('Obduracy', 'Malphite', 'Z'),
	('OlafAxeThrowCast', 'Olaf', 'A'),
	('OlafFrenziedStrikes', 'Olaf', 'Z'),
	('OlafRagnarok', 'Olaf', 'R'),
	('OlafRecklessStrike', 'Olaf', 'E'),
	('OrianaDetonateCommand', 'Orianna', 'R'),
	('OrianaDissonanceCommand', 'Orianna', 'Z'),
	('OrianaIzunaCommand', 'Orianna', 'A'),
	('OrianaRedactCommand', 'Orianna', 'E'),
	('OrnnE', 'Ornn', 'E'),
	('OrnnQ', 'Ornn', 'A'),
	('OrnnR', 'Ornn', 'R'),
	('OrnnW', 'Ornn', 'Z'),
	('Overdrive', 'Blitzcrank', 'Z'),
	('PantheonE', 'Pantheon', 'E'),
	('PantheonQ', 'Pantheon', 'A'),
	('PantheonR', 'Pantheon', 'R'),
	('PantheonW', 'Pantheon', 'Z'),
	('PhosphorusBomb', 'Corki', 'A'),
	('PickACard', 'TwistedFate', 'Z'),
	('PoisonTrail', 'Singed', 'A'),
	('PoppyE', 'Poppy', 'E'),
	('PoppyQ', 'Poppy', 'A'),
	('PoppyR', 'Poppy', 'R'),
	('PoppyW', 'Poppy', 'Z'),
	('PowerBall', 'Rammus', 'A'),
	('PowerFist', 'Blitzcrank', 'E'),
	('PrimalSurge', 'Nidalee', 'E'),
	('Pulverize', 'Alistar', 'A'),
	('PuncturingTaunt', 'Rammus', 'E'),
	('PykeE', 'Pyke', 'E'),
	('PykeQ', 'Pyke', 'A'),
	('PykeR', 'Pyke', 'R'),
	('PykeW', 'Pyke', 'Z'),
	('QiyanaE', 'Qiyana', 'E'),
	('QiyanaQ', 'Qiyana', 'A'),
	('QiyanaR', 'Qiyana', 'R'),
	('QiyanaW', 'Qiyana', 'Z'),
	('QuinnE', 'Quinn', 'E'),
	('QuinnQ', 'Quinn', 'A'),
	('QuinnR', 'Quinn', 'R'),
	('QuinnW', 'Quinn', 'Z'),
	('RakanE', 'Rakan', 'E'),
	('RakanQ', 'Rakan', 'A'),
	('RakanR', 'Rakan', 'R'),
	('RakanW', 'Rakan', 'Z'),
	('ReapTheWhirlwind', 'Janna', 'R'),
	('RekSaiE', 'RekSai', 'E'),
	('RekSaiQ', 'RekSai', 'A'),
	('RekSaiRWrapper', 'RekSai', 'R'),
	('RekSaiW', 'RekSai', 'Z'),
	('RellE', 'Rell', 'E'),
	('RellQ', 'Rell', 'A'),
	('RellR', 'Rell', 'R'),
	('RellW_Dismount', 'Rell', 'Z'),
	('RenataE', 'Renata', 'E'),
	('RenataQ', 'Renata', 'A'),
	('RenataR', 'Renata', 'R'),
	('RenataW', 'Renata', 'Z'),
	('RenektonCleave', 'Renekton', 'A'),
	('RenektonPreExecute', 'Renekton', 'Z'),
	('RenektonReignOfTheTyrant', 'Renekton', 'R'),
	('RenektonSliceAndDice', 'Renekton', 'E'),
	('RengarE', 'Rengar', 'E'),
	('RengarQ', 'Rengar', 'A'),
	('RengarR', 'Rengar', 'R'),
	('RengarW', 'Rengar', 'Z'),
	('RiftWalk', 'Kassadin', 'R'),
	('RivenFeint', 'Riven', 'E'),
	('RivenFengShuiEngine', 'Riven', 'R'),
	('RivenMartyr', 'Riven', 'Z'),
	('RivenTriCleave', 'Riven', 'A'),
	('RocketGrab', 'Blitzcrank', 'A'),
	('RumbleCarpetBomb', 'Rumble', 'R'),
	('RumbleFlameThrower', 'Rumble', 'A'),
	('RumbleGrenade', 'Rumble', 'E'),
	('RumbleShield', 'Rumble', 'Z'),
	('Rupture', 'Chogath', 'A'),
	('RyzeE', 'Ryze', 'E'),
	('RyzeQWrapper', 'Ryze', 'A'),
	('RyzeR', 'Ryze', 'R'),
	('RyzeW', 'Ryze', 'Z'),
	('SamiraE', 'Samira', 'E'),
	('SamiraQ', 'Samira', 'A'),
	('SamiraR', 'Samira', 'R'),
	('SamiraW', 'Samira', 'Z'),
	('SeismicShard', 'Malphite', 'A'),
	('SejuaniE', 'Sejuani', 'E'),
	('SejuaniQ', 'Sejuani', 'A'),
	('SejuaniR', 'Sejuani', 'R'),
	('SejuaniW', 'Sejuani', 'Z'),
	('SennaE', 'Senna', 'E'),
	('SennaQ', 'Senna', 'A'),
	('SennaR', 'Senna', 'R'),
	('SennaW', 'Senna', 'Z'),
	('SeraphineE', 'Seraphine', 'E'),
	('SeraphineQ', 'Seraphine', 'A'),
	('SeraphineR', 'Seraphine', 'R'),
	('SeraphineW', 'Seraphine', 'Z'),
	('SettE', 'Sett', 'E'),
	('SettQ', 'Sett', 'A'),
	('SettR', 'Sett', 'R'),
	('SettW', 'Sett', 'Z'),
	('ShenE', 'Shen', 'E'),
	('ShenQ', 'Shen', 'A'),
	('ShenR', 'Shen', 'R'),
	('ShenW', 'Shen', 'Z'),
	('ShyvanaDoubleAttack', 'Shyvana', 'A'),
	('ShyvanaFireball', 'Shyvana', 'E'),
	('ShyvanaImmolationAura', 'Shyvana', 'Z'),
	('ShyvanaTransformCast', 'Shyvana', 'R'),
	('SionE', 'Sion', 'E'),
	('SionQ', 'Sion', 'A'),
	('SionR', 'Sion', 'R'),
	('SionW', 'Sion', 'Z'),
	('SivirE', 'Sivir', 'E'),
	('SivirQ', 'Sivir', 'A'),
	('SivirR', 'Sivir', 'R'),
	('SivirW', 'Sivir', 'Z'),
	('SkarnerExoskeleton', 'Skarner', 'Z'),
	('SkarnerFracture', 'Skarner', 'E'),
	('SkarnerImpale', 'Skarner', 'R'),
	('SkarnerVirulentSlash', 'Skarner', 'A'),
	('SonaE', 'Sona', 'E'),
	('SonaQ', 'Sona', 'A'),
	('SonaR', 'Sona', 'R'),
	('SonaW', 'Sona', 'Z'),
	('SorakaE', 'Soraka', 'E'),
	('SorakaQ', 'Soraka', 'A'),
	('SorakaR', 'Soraka', 'R'),
	('SorakaW', 'Soraka', 'Z'),
	('SowTheWind', 'Janna', 'Z'),
	('StaticField', 'Blitzcrank', 'R'),
	('SwainE', 'Swain', 'E'),
	('SwainQ', 'Swain', 'A'),
	('SwainR', 'Swain', 'R'),
	('SwainW', 'Swain', 'Z'),
	('SylasE', 'Sylas', 'E'),
	('SylasQ', 'Sylas', 'A'),
	('SylasR', 'Sylas', 'R'),
	('SylasW', 'Sylas', 'Z'),
	('SyndraE', 'Syndra', 'E'),
	('SyndraQ', 'Syndra', 'A'),
	('SyndraR', 'Syndra', 'R'),
	('SyndraW', 'Syndra', 'Z'),
	('TahmKenchE', 'TahmKench', 'E'),
	('TahmKenchQ', 'TahmKench', 'A'),
	('TahmKenchRWrapper', 'TahmKench', 'R'),
	('TahmKenchW', 'TahmKench', 'Z'),
	('TaliyahE', 'Taliyah', 'E'),
	('TaliyahQ', 'Taliyah', 'A'),
	('TaliyahR', 'Taliyah', 'R'),
	('TaliyahWVC', 'Taliyah', 'Z'),
	('TalonE', 'Talon', 'E'),
	('TalonQ', 'Talon', 'A'),
	('TalonR', 'Talon', 'R'),
	('TalonW', 'Talon', 'Z'),
	('Tantrum', 'Amumu', 'E'),
	('TaricE', 'Taric', 'E'),
	('TaricQ', 'Taric', 'A'),
	('TaricR', 'Taric', 'R'),
	('TaricW', 'Taric', 'Z'),
	('TeemoRCast', 'Teemo', 'R'),
	('ThreshE', 'Thresh', 'E'),
	('ThreshQ', 'Thresh', 'A'),
	('ThreshRPenta', 'Thresh', 'R'),
	('ThreshW', 'Thresh', 'Z'),
	('TimeWarp', 'Zilean', 'E'),
	('ToxicShot', 'Teemo', 'E'),
	('Tremors2', 'Rammus', 'R'),
	('TristanaE', 'Tristana', 'E'),
	('TristanaQ', 'Tristana', 'A'),
	('TristanaR', 'Tristana', 'R'),
	('TristanaW', 'Tristana', 'Z'),
	('TrundleCircle', 'Trundle', 'E'),
	('trundledesecrate', 'Trundle', 'Z'),
	('TrundlePain', 'Trundle', 'R'),
	('TrundleTrollSmash', 'Trundle', 'A'),
	('TryndamereE', 'Tryndamere', 'E'),
	('TryndamereQ', 'Tryndamere', 'A'),
	('TryndamereW', 'Tryndamere', 'Z'),
	('TwitchExpunge', 'Twitch', 'E'),
	('TwitchFullAutomatic', 'Twitch', 'R'),
	('TwitchHideInShadows', 'Twitch', 'A'),
	('TwitchVenomCask', 'Twitch', 'Z'),
	('TwoShivPoison', 'Shaco', 'E'),
	('UdyrE', 'Udyr', 'E'),
	('UdyrQ', 'Udyr', 'A'),
	('UdyrR', 'Udyr', 'R'),
	('UdyrW', 'Udyr', 'Z'),
	('UFSlash', 'Malphite', 'R'),
	('UndyingRage', 'Tryndamere', 'R'),
	('UrgotE', 'Urgot', 'E'),
	('UrgotQ', 'Urgot', 'A'),
	('UrgotR', 'Urgot', 'R'),
	('UrgotW', 'Urgot', 'Z'),
	('VarusE', 'Varus', 'E'),
	('VarusQ', 'Varus', 'A'),
	('VarusR', 'Varus', 'R'),
	('VarusW', 'Varus', 'Z'),
	('VayneCondemn', 'Vayne', 'E'),
	('VayneInquisition', 'Vayne', 'R'),
	('VayneSilveredBolts', 'Vayne', 'Z'),
	('VayneTumble', 'Vayne', 'A'),
	('VeigarBalefulStrike', 'Veigar', 'A'),
	('VeigarDarkMatter', 'Veigar', 'Z'),
	('VeigarEventHorizon', 'Veigar', 'E'),
	('VeigarR', 'Veigar', 'R'),
	('VelkozE', 'Velkoz', 'E'),
	('VelkozQ', 'Velkoz', 'A'),
	('VelkozR', 'Velkoz', 'R'),
	('VelkozW', 'Velkoz', 'Z'),
	('VexE', 'Vex', 'E'),
	('VexQ', 'Vex', 'A'),
	('VexR', 'Vex', 'R'),
	('VexW', 'Vex', 'Z'),
	('ViE', 'Vi', 'E'),
	('ViegoE', 'Viego', 'E'),
	('ViegoQ', 'Viego', 'A'),
	('ViegoR', 'Viego', 'R'),
	('ViegoW', 'Viego', 'Z'),
	('ViktorChaosStorm', 'Viktor', 'R'),
	('ViktorDeathRay', 'Viktor', 'E'),
	('ViktorGravitonField', 'Viktor', 'Z'),
	('ViktorPowerTransfer', 'Viktor', 'A'),
	('ViQ', 'Vi', 'A'),
	('ViR', 'Vi', 'R'),
	('ViW', 'Vi', 'Z'),
	('VladimirE', 'Vladimir', 'E'),
	('VladimirHemoplague', 'Vladimir', 'R'),
	('VladimirQ', 'Vladimir', 'A'),
	('VladimirSanguinePool', 'Vladimir', 'Z'),
	('VolibearE', 'Volibear', 'E'),
	('VolibearQ', 'Volibear', 'A'),
	('VolibearR', 'Volibear', 'R'),
	('VolibearW', 'Volibear', 'Z'),
	('Volley', 'Ashe', 'Z'),
	('VorpalSpikes', 'Chogath', 'E'),
	('WarwickE', 'Warwick', 'E'),
	('WarwickQ', 'Warwick', 'A'),
	('WarwickR', 'Warwick', 'R'),
	('WarwickW', 'Warwick', 'Z'),
	('WildCards', 'TwistedFate', 'A'),
	('WujuStyle', 'MasterYi', 'E'),
	('XayahE', 'Xayah', 'E'),
	('XayahQ', 'Xayah', 'A'),
	('XayahR', 'Xayah', 'R'),
	('XayahW', 'Xayah', 'Z'),
	('XerathArcaneBarrage2', 'Xerath', 'Z'),
	('XerathArcanopulseChargeUp', 'Xerath', 'A'),
	('XerathLocusOfPower2', 'Xerath', 'R'),
	('XerathMageSpear', 'Xerath', 'E'),
	('XinZhaoE', 'XinZhao', 'E'),
	('XinZhaoQ', 'XinZhao', 'A'),
	('XinZhaoR', 'XinZhao', 'R'),
	('XinZhaoW', 'XinZhao', 'Z'),
	('YasuoE', 'Yasuo', 'E'),
	('YasuoQ1Wrapper', 'Yasuo', 'A'),
	('YasuoR', 'Yasuo', 'R'),
	('YasuoW', 'Yasuo', 'Z'),
	('YoneE', 'Yone', 'E'),
	('YoneQ', 'Yone', 'A'),
	('YoneR', 'Yone', 'R'),
	('YoneW', 'Yone', 'Z'),
	('YorickE', 'Yorick', 'E'),
	('YorickQ', 'Yorick', 'A'),
	('YorickR', 'Yorick', 'R'),
	('YorickW', 'Yorick', 'Z'),
	('YuumiE', 'Yuumi', 'E'),
	('YuumiQ', 'Yuumi', 'A'),
	('YuumiR', 'Yuumi', 'R'),
	('YuumiW', 'Yuumi', 'Z'),
	('ZacE', 'Zac', 'E'),
	('ZacQ', 'Zac', 'A'),
	('ZacR', 'Zac', 'R'),
	('ZacW', 'Zac', 'Z'),
	('ZedE', 'Zed', 'E'),
	('ZedQ', 'Zed', 'A'),
	('ZedR', 'Zed', 'R'),
	('ZedW', 'Zed', 'Z'),
	('ZeriE', 'Zeri', 'E'),
	('ZeriQ', 'Zeri', 'A'),
	('ZeriR', 'Zeri', 'R'),
	('ZeriW', 'Zeri', 'Z'),
	('ZiggsE', 'Ziggs', 'E'),
	('ZiggsQ', 'Ziggs', 'A'),
	('ZiggsR', 'Ziggs', 'R'),
	('ZiggsW', 'Ziggs', 'Z'),
	('ZileanQ', 'Zilean', 'A'),
	('ZileanW', 'Zilean', 'Z'),
	('ZoeE', 'Zoe', 'E'),
	('ZoeQ', 'Zoe', 'A'),
	('ZoeR', 'Zoe', 'R'),
	('ZoeW', 'Zoe', 'Z'),
	('ZyraE', 'Zyra', 'E'),
	('ZyraQ', 'Zyra', 'A'),
	('ZyraR', 'Zyra', 'R'),
	('ZyraW', 'Zyra', 'Z');

-- Listage de la structure de table guidelol. data_item
CREATE TABLE IF NOT EXISTS `data_item` (
  `id` int NOT NULL,
  `prix` int NOT NULL,
  PRIMARY KEY (`id`)
) ENGINE=InnoDB DEFAULT CHARSET=utf8mb4 COLLATE=utf8mb4_unicode_ci;

-- Listage des données de la table guidelol.data_item : ~292 rows (environ)
INSERT INTO `data_item` (`id`, `prix`) VALUES
	(1001, 300),
	(1004, 250),
	(1006, 300),
	(1011, 900),
	(1018, 600),
	(1026, 850),
	(1027, 350),
	(1028, 400),
	(1029, 300),
	(1031, 800),
	(1033, 450),
	(1035, 350),
	(1036, 350),
	(1037, 875),
	(1038, 1300),
	(1039, 350),
	(1040, 350),
	(1042, 300),
	(1043, 700),
	(1052, 435),
	(1053, 900),
	(1054, 450),
	(1055, 450),
	(1056, 400),
	(1057, 900),
	(1058, 1250),
	(1082, 350),
	(1083, 450),
	(1101, 450),
	(1102, 450),
	(1103, 450),
	(1104, 0),
	(1500, 0),
	(1501, 0),
	(1502, 0),
	(1503, 0),
	(1504, 0),
	(1506, 0),
	(1507, 0),
	(1508, 0),
	(1509, 0),
	(1510, 0),
	(1511, 0),
	(1512, 0),
	(1515, 0),
	(1516, 0),
	(1517, 0),
	(1518, 0),
	(1519, 0),
	(1520, 0),
	(1521, 0),
	(1522, 0),
	(2003, 50),
	(2010, 50),
	(2015, 700),
	(2019, 1100),
	(2031, 150),
	(2033, 500),
	(2049, 1000),
	(2050, 1000),
	(2051, 950),
	(2052, 0),
	(2055, 75),
	(2065, 2300),
	(2138, 500),
	(2139, 500),
	(2140, 500),
	(2141, 700),
	(2142, 700),
	(2143, 700),
	(2144, 700),
	(2403, 0),
	(2419, 0),
	(2420, 750),
	(2421, 750),
	(2422, 300),
	(2423, 750),
	(2424, 750),
	(3001, 2300),
	(3003, 3000),
	(3004, 2900),
	(3005, 1000),
	(3006, 1100),
	(3009, 900),
	(3011, 2100),
	(3012, 950),
	(3020, 1100),
	(3023, 1050),
	(3024, 900),
	(3026, 3000),
	(3031, 3400),
	(3033, 3000),
	(3035, 1450),
	(3036, 3000),
	(3039, 3000),
	(3040, 3000),
	(3041, 1600),
	(3042, 3000),
	(3044, 1100),
	(3046, 2800),
	(3047, 1100),
	(3050, 2200),
	(3051, 1100),
	(3053, 3000),
	(3057, 700),
	(3065, 2900),
	(3066, 800),
	(3067, 800),
	(3068, 2700),
	(3070, 400),
	(3071, 3100),
	(3072, 3400),
	(3074, 3400),
	(3075, 2700),
	(3076, 800),
	(3077, 1200),
	(3078, 3333),
	(3082, 1000),
	(3083, 3000),
	(3084, 3200),
	(3085, 2800),
	(3086, 1100),
	(3087, 3000),
	(3089, 3600),
	(3091, 3200),
	(3094, 3000),
	(3095, 3000),
	(3100, 3000),
	(3102, 2600),
	(3105, 1200),
	(3107, 2300),
	(3108, 900),
	(3109, 2200),
	(3110, 2700),
	(3111, 1100),
	(3112, 950),
	(3113, 850),
	(3114, 800),
	(3115, 3200),
	(3116, 2600),
	(3117, 1000),
	(3119, 2600),
	(3121, 2700),
	(3123, 800),
	(3124, 3200),
	(3128, 3000),
	(3131, 2500),
	(3133, 1100),
	(3134, 1100),
	(3135, 2800),
	(3139, 3000),
	(3140, 1300),
	(3142, 3100),
	(3143, 2700),
	(3145, 1050),
	(3146, 3300),
	(3152, 3200),
	(3153, 3300),
	(3155, 1300),
	(3156, 2800),
	(3157, 3000),
	(3158, 950),
	(3161, 3300),
	(3165, 3000),
	(3172, 2800),
	(3177, 950),
	(3179, 2300),
	(3181, 3000),
	(3184, 950),
	(3190, 2300),
	(3191, 1000),
	(3193, 3200),
	(3211, 1250),
	(3222, 2300),
	(3330, 0),
	(3340, 0),
	(3348, 0),
	(3349, 0),
	(3363, 0),
	(3364, 0),
	(3400, 0),
	(3430, 3000),
	(3504, 2100),
	(3508, 2900),
	(3513, 0),
	(3599, 0),
	(3742, 2900),
	(3748, 3300),
	(3801, 800),
	(3802, 1100),
	(3803, 1300),
	(3814, 2900),
	(3850, 400),
	(3851, 400),
	(3853, 400),
	(3854, 400),
	(3855, 400),
	(3857, 400),
	(3858, 400),
	(3859, 400),
	(3860, 400),
	(3862, 400),
	(3863, 400),
	(3864, 400),
	(3901, 0),
	(3902, 0),
	(3903, 0),
	(3916, 800),
	(4003, 1650),
	(4004, 3150),
	(4005, 2300),
	(4010, 3000),
	(4401, 2800),
	(4402, 3000),
	(4628, 3000),
	(4629, 3000),
	(4630, 1100),
	(4632, 1000),
	(4633, 3200),
	(4635, 1300),
	(4636, 3200),
	(4637, 3000),
	(4638, 1100),
	(4641, 350),
	(4642, 950),
	(4643, 2300),
	(4644, 2800),
	(4645, 3000),
	(6029, 1100),
	(6035, 3000),
	(6333, 3300),
	(6609, 2800),
	(6616, 2100),
	(6617, 2300),
	(6620, 2300),
	(6630, 3200),
	(6631, 3300),
	(6632, 3300),
	(6653, 3200),
	(6655, 3200),
	(6656, 2800),
	(6657, 2800),
	(6660, 1000),
	(6662, 3000),
	(6664, 2800),
	(6665, 3200),
	(6667, 2700),
	(6670, 1300),
	(6671, 3400),
	(6672, 3000),
	(6673, 3000),
	(6675, 3400),
	(6676, 3000),
	(6677, 1200),
	(6691, 3100),
	(6692, 3100),
	(6693, 3000),
	(6694, 3200),
	(6695, 2600),
	(6696, 3000),
	(7000, 3000),
	(7001, 3100),
	(7002, 3100),
	(7005, 3000),
	(7006, 3400),
	(7009, 3200),
	(7010, 3200),
	(7011, 3200),
	(7012, 3200),
	(7013, 3200),
	(7014, 2800),
	(7015, 3200),
	(7016, 3300),
	(7017, 3300),
	(7018, 3333),
	(7019, 2300),
	(7020, 2300),
	(7021, 2300),
	(7023, 2300),
	(7024, 2800),
	(7025, 3200),
	(7026, 3200),
	(7027, 2700),
	(7028, 2800),
	(7029, 3100),
	(7030, 3200),
	(7031, 3400),
	(7032, 3400),
	(7033, 2300),
	(7050, 0),
	(8001, 2500),
	(8020, 2400);

-- Listage de la structure de table guidelol. data_rune
CREATE TABLE IF NOT EXISTS `data_rune` (
  `id` int NOT NULL,
  `rune_arbre` varchar(20) CHARACTER SET utf8mb4 COLLATE utf8mb4_unicode_ci NOT NULL,
  `rune_type` varchar(20) CHARACTER SET utf8mb4 COLLATE utf8mb4_unicode_ci NOT NULL,
  `ordre` int NOT NULL,
  PRIMARY KEY (`id`)
) ENGINE=InnoDB DEFAULT CHARSET=utf8mb4 COLLATE=utf8mb4_unicode_ci;

-- Listage des données de la table guidelol.data_rune : ~63 rows (environ)
INSERT INTO `data_rune` (`id`, `rune_arbre`, `rune_type`, `ordre`) VALUES
	(8005, 'Precision', 'Primary', 0),
	(8008, 'Precision', 'Primary', 1),
	(8009, 'Precision', 'Secondary1', 2),
	(8010, 'Precision', 'Primary', 3),
	(8014, 'Precision', 'Secondary3', 0),
	(8017, 'Precision', 'Secondary3', 1),
	(8021, 'Precision', 'Primary', 2),
	(8105, 'Domination', 'Secondary3', 2),
	(8106, 'Domination', 'Secondary3', 3),
	(8112, 'Domination', 'Primary', 0),
	(8120, 'Domination', 'Secondary2', 1),
	(8124, 'Domination', 'Primary', 1),
	(8126, 'Domination', 'Secondary1', 0),
	(8128, 'Domination', 'Primary', 2),
	(8134, 'Domination', 'Secondary3', 1),
	(8135, 'Domination', 'Secondary3', 0),
	(8136, 'Domination', 'Secondary2', 0),
	(8138, 'Domination', 'Secondary2', 2),
	(8139, 'Domination', 'Secondary1', 1),
	(8143, 'Domination', 'Secondary1', 2),
	(8210, 'Sorcery', 'Secondary2', 0),
	(8214, 'Sorcery', 'Primary', 0),
	(8224, 'Sorcery', 'Secondary1', 0),
	(8226, 'Sorcery', 'Secondary1', 1),
	(8229, 'Sorcery', 'Primary', 1),
	(8230, 'Sorcery', 'Primary', 2),
	(8232, 'Sorcery', 'Secondary3', 1),
	(8233, 'Sorcery', 'Secondary2', 2),
	(8234, 'Sorcery', 'Secondary2', 1),
	(8236, 'Sorcery', 'Secondary3', 2),
	(8237, 'Sorcery', 'Secondary3', 0),
	(8242, 'Resolve', 'Secondary3', 2),
	(8275, 'Sorcery', 'Secondary1', 2),
	(8299, 'Precision', 'Secondary3', 2),
	(8304, 'Inspiration', 'Secondary1', 1),
	(8306, 'Inspiration', 'Secondary1', 0),
	(8313, 'Inspiration', 'Secondary1', 2),
	(8316, 'Inspiration', 'Secondary2', 1),
	(8321, 'Inspiration', 'Secondary2', 0),
	(8345, 'Inspiration', 'Secondary2', 2),
	(8347, 'Inspiration', 'Secondary3', 0),
	(8351, 'Inspiration', 'Primary', 0),
	(8352, 'Inspiration', 'Secondary3', 2),
	(8360, 'Inspiration', 'Primary', 1),
	(8369, 'Inspiration', 'Primary', 2),
	(8401, 'Resolve', 'Secondary1', 2),
	(8410, 'Inspiration', 'Secondary3', 1),
	(8429, 'Resolve', 'Secondary2', 0),
	(8437, 'Resolve', 'Primary', 0),
	(8439, 'Resolve', 'Primary', 1),
	(8444, 'Resolve', 'Secondary2', 1),
	(8446, 'Resolve', 'Secondary1', 0),
	(8451, 'Resolve', 'Secondary3', 0),
	(8453, 'Resolve', 'Secondary3', 1),
	(8463, 'Resolve', 'Secondary1', 1),
	(8465, 'Resolve', 'Primary', 2),
	(8473, 'Resolve', 'Secondary2', 2),
	(9101, 'Precision', 'Secondary1', 0),
	(9103, 'Precision', 'Secondary2', 2),
	(9104, 'Precision', 'Secondary2', 0),
	(9105, 'Precision', 'Secondary2', 1),
	(9111, 'Precision', 'Secondary1', 1),
	(9923, 'Domination', 'Primary', 3);

-- Listage de la structure de table guidelol. data_sort_invocateur
CREATE TABLE IF NOT EXISTS `data_sort_invocateur` (
  `id` varchar(30) CHARACTER SET utf8mb4 COLLATE utf8mb4_unicode_ci NOT NULL,
  PRIMARY KEY (`id`)
) ENGINE=InnoDB DEFAULT CHARSET=utf8mb4 COLLATE=utf8mb4_unicode_ci;

-- Listage des données de la table guidelol.data_sort_invocateur : ~11 rows (environ)
INSERT INTO `data_sort_invocateur` (`id`) VALUES
	('SummonerBarrier'),
	('SummonerBoost'),
	('SummonerDot'),
	('SummonerExhaust'),
	('SummonerFlash'),
	('SummonerHaste'),
	('SummonerHeal'),
	('SummonerMana'),
	('SummonerSmite'),
	('SummonerSnowball'),
	('SummonerTeleport');

-- Listage de la structure de table guidelol. data_statistique_bonus
CREATE TABLE IF NOT EXISTS `data_statistique_bonus` (
  `id` int NOT NULL,
  `bonus_value` varchar(50) CHARACTER SET utf8mb4 COLLATE utf8mb4_unicode_ci NOT NULL,
  `bonus_line` int NOT NULL,
  `icon` varchar(255) CHARACTER SET utf8mb4 COLLATE utf8mb4_unicode_ci NOT NULL,
  PRIMARY KEY (`id`)
) ENGINE=InnoDB DEFAULT CHARSET=utf8mb4 COLLATE=utf8mb4_unicode_ci;

-- Listage des données de la table guidelol.data_statistique_bonus : ~9 rows (environ)
INSERT INTO `data_statistique_bonus` (`id`, `bonus_value`, `bonus_line`, `icon`) VALUES
	(1, '+9 force adaptative', 1, '/perk-images/StatMods/StatModsAdaptiveForceIcon.png'),
	(2, '+10% vitesse d\'attaque', 1, '/perk-images/StatMods/StatModsAttackSpeedIcon.png'),
	(3, '+8 accélération de compétence', 1, '/perk-images/StatMods/StatModsCDRScalingIcon.png'),
	(4, '+9 force adaptative', 2, '/perk-images/StatMods/StatModsAdaptiveForceIcon.png'),
	(5, '+6 armure', 2, '/perk-images/StatMods/StatModsArmorIcon.png'),
	(6, '+8 résistance magique', 2, '/perk-images/StatMods/StatModsMagicResIcon.png'),
	(7, '+15 - 140 PV (selon le niveau)', 3, '/perk-images/StatMods/StatModsHealthScalingIcon.png'),
	(8, '+6 armure', 3, '/perk-images/StatMods/StatModsArmorIcon.png'),
	(9, '+8 résistance magique', 3, '/perk-images/StatMods/StatModsMagicResIcon.png');

-- Listage de la structure de table guidelol. doctrine_migration_versions
CREATE TABLE IF NOT EXISTS `doctrine_migration_versions` (
  `version` varchar(191) CHARACTER SET utf8mb3 COLLATE utf8mb3_unicode_ci NOT NULL,
  `executed_at` datetime DEFAULT NULL,
  `execution_time` int DEFAULT NULL,
  PRIMARY KEY (`version`)
) ENGINE=InnoDB DEFAULT CHARSET=utf8mb3 COLLATE=utf8mb3_unicode_ci;

-- Listage des données de la table guidelol.doctrine_migration_versions : ~0 rows (environ)

-- Listage de la structure de table guidelol. ensemble_items_groups
CREATE TABLE IF NOT EXISTS `ensemble_items_groups` (
  `id` int NOT NULL AUTO_INCREMENT,
  `titre` varchar(50) CHARACTER SET utf8mb4 COLLATE utf8mb4_unicode_ci DEFAULT NULL,
  `ordre` int NOT NULL,
  `guide_id` int DEFAULT NULL,
  PRIMARY KEY (`id`),
  KEY `IDX_68A1E5FBD7ED1D4B` (`guide_id`),
  CONSTRAINT `FK_68A1E5FBD7ED1D4B` FOREIGN KEY (`guide_id`) REFERENCES `guide` (`id`)
) ENGINE=InnoDB AUTO_INCREMENT=86 DEFAULT CHARSET=utf8mb4 COLLATE=utf8mb4_unicode_ci;

-- Listage des données de la table guidelol.ensemble_items_groups : ~12 rows (environ)
INSERT INTO `ensemble_items_groups` (`id`, `titre`, `ordre`, `guide_id`) VALUES
	(74, NULL, 0, 117),
	(75, NULL, 0, 118),
	(76, NULL, 0, 120),
	(77, NULL, 0, 121),
	(78, NULL, 0, 122),
	(79, NULL, 0, 123),
	(80, NULL, 0, 124),
	(81, NULL, 0, 125),
	(82, 'Start et botte', 0, 126),
	(83, 'Meilleur stuff', 1, 126),
	(84, 'Bruiser rengar', 2, 126),
	(85, 'Items situationnel', 3, 126);

-- Listage de la structure de table guidelol. evaluation
CREATE TABLE IF NOT EXISTS `evaluation` (
  `id` int NOT NULL AUTO_INCREMENT,
  `user_id` int DEFAULT NULL,
  `guide_id` int DEFAULT NULL,
  `notation` int DEFAULT NULL,
  `commentaire` longtext COLLATE utf8mb4_unicode_ci,
  `created_at` datetime DEFAULT NULL COMMENT '(DC2Type:datetime_immutable)',
  `report` tinyint(1) NOT NULL,
  PRIMARY KEY (`id`),
  KEY `IDX_1323A575A76ED395` (`user_id`),
  KEY `IDX_1323A575D7ED1D4B` (`guide_id`),
  CONSTRAINT `FK_1323A575A76ED395` FOREIGN KEY (`user_id`) REFERENCES `user` (`id`) ON DELETE SET NULL,
  CONSTRAINT `FK_1323A575D7ED1D4B` FOREIGN KEY (`guide_id`) REFERENCES `guide` (`id`)
) ENGINE=InnoDB AUTO_INCREMENT=148 DEFAULT CHARSET=utf8mb4 COLLATE=utf8mb4_unicode_ci;

-- Listage des données de la table guidelol.evaluation : ~80 rows (environ)
INSERT INTO `evaluation` (`id`, `user_id`, `guide_id`, `notation`, `commentaire`, `created_at`, `report`) VALUES
	(67, 24, 117, NULL, 'Hola', '2023-12-10 22:39:31', 0),
	(68, NULL, 117, NULL, 'Message supprimé par l\'administrateur', '2023-12-10 23:50:27', 0),
	(69, NULL, 117, NULL, 'Message supprimé par l\'administrateur', '2023-12-11 15:41:23', 0),
	(70, NULL, 117, NULL, 'Message supprimé par l\'administrateur', '2023-12-11 15:41:22', 0),
	(71, NULL, 117, NULL, 'Message supprimé par l\'administrateur', '2023-12-11 15:41:18', 0),
	(72, NULL, 117, NULL, 'Message supprimé par l\'administrateur', '2023-12-11 15:41:29', 0),
	(73, 33, 117, 9, NULL, NULL, 0),
	(74, 24, 117, NULL, 'Ceci est un test', '2023-12-11 19:23:44', 0),
	(75, 24, 117, 9, NULL, NULL, 0),
	(76, 24, 117, 8, NULL, NULL, 0),
	(77, 24, 117, NULL, 'Commentaire de test 1', '2023-12-11 19:30:38', 0),
	(78, 24, 117, NULL, 'Commentaire de test 2', '2023-12-11 19:30:38', 0),
	(79, 24, 117, NULL, 'Commentaire de test 3', '2023-12-11 19:30:39', 0),
	(80, 24, 117, NULL, 'Commentaire de test 4', '2023-12-11 19:30:39', 0),
	(81, 24, 117, NULL, 'Commentaire de test 5', '2023-12-11 19:30:40', 0),
	(82, 24, 117, NULL, 'Commentaire de test 6', '2023-12-11 19:30:40', 0),
	(83, 24, 117, NULL, 'Commentaire de test 7', '2023-12-11 19:30:40', 0),
	(84, 24, 117, NULL, 'Commentaire de test 8', '2023-12-11 19:30:41', 0),
	(85, 24, 117, NULL, 'Commentaire de test 9', '2023-12-11 19:30:41', 0),
	(86, 24, 117, NULL, 'Commentaire de test 10', '2023-12-11 19:30:42', 0),
	(87, 24, 117, NULL, 'Commentaire de test 11', '2023-12-11 19:30:42', 0),
	(88, 24, 117, NULL, 'Commentaire de test 12', '2023-12-11 19:30:43', 0),
	(89, 24, 117, NULL, 'Commentaire de test 13', '2023-12-11 19:30:43', 0),
	(90, 24, 117, NULL, 'Commentaire de test 14', '2023-12-11 19:30:43', 0),
	(91, 24, 117, NULL, 'Commentaire de test 15', '2023-12-11 19:30:44', 0),
	(92, 24, 117, NULL, 'Commentaire de test 16', '2023-12-11 19:30:44', 0),
	(93, 24, 117, NULL, 'Commentaire de test 17', '2023-12-11 19:30:45', 0),
	(94, 24, 117, NULL, 'Commentaire de test 18', '2023-12-11 19:30:45', 0),
	(95, 24, 117, NULL, 'Commentaire de test 19', '2023-12-11 19:30:45', 0),
	(96, 24, 117, NULL, 'Commentaire de test 20', '2023-12-11 19:30:46', 0),
	(97, 24, 117, NULL, 'Commentaire de test 21', '2023-12-11 19:30:47', 0),
	(98, 24, 117, NULL, 'Commentaire de test 22', '2023-12-11 19:30:46', 0),
	(99, 24, 117, NULL, 'Commentaire de test 23', '2023-12-11 19:30:48', 0),
	(100, 24, 117, NULL, 'Commentaire de test 24', '2023-12-11 19:30:48', 0),
	(101, 24, 117, NULL, 'Commentaire de test 25', '2023-12-11 19:30:48', 0),
	(102, 24, 117, NULL, 'Commentaire de test 26', '2023-12-11 19:30:49', 0),
	(103, 24, 117, NULL, 'Commentaire de test 27', '2023-12-11 19:30:50', 0),
	(104, 24, 117, NULL, 'Commentaire de test 1', '2023-12-11 19:30:50', 0),
	(105, 24, 117, NULL, 'Commentaire de test 2', '2023-12-11 19:30:50', 0),
	(106, 24, 117, NULL, 'Commentaire de test 3', '2023-12-11 19:30:51', 0),
	(107, 24, 117, NULL, 'Commentaire de test 4', '2023-12-11 19:30:51', 0),
	(108, 24, 117, NULL, 'Commentaire de test 5', '2023-12-11 19:30:52', 0),
	(109, 24, 117, NULL, 'Commentaire de test 6', '2023-12-11 19:30:52', 0),
	(110, 24, 117, NULL, 'Commentaire de test 7', '2023-12-11 19:30:52', 0),
	(111, 24, 117, NULL, 'Commentaire de test 8', '2023-12-11 19:30:53', 0),
	(112, 24, 117, NULL, 'Commentaire de test 9', '2023-12-11 19:30:53', 0),
	(113, 24, 117, NULL, 'Commentaire de test 10', '2023-12-11 19:30:54', 0),
	(114, 24, 117, NULL, 'Commentaire de test 11', '2023-12-11 19:30:54', 0),
	(115, 24, 117, NULL, 'Commentaire de test 12', '2023-12-11 19:30:54', 0),
	(116, 24, 117, NULL, 'Commentaire de test 13', '2023-12-11 19:30:55', 0),
	(117, 24, 117, NULL, 'Commentaire de test 14', '2023-12-11 19:30:55', 0),
	(118, 24, 117, NULL, 'Commentaire de test 15', '2023-12-11 19:30:56', 0),
	(119, 24, 117, NULL, 'Commentaire de test 16', '2023-12-11 19:30:57', 0),
	(120, 24, 117, NULL, 'Commentaire de test 17', '2023-12-11 19:30:57', 0),
	(121, 24, 117, NULL, 'Commentaire de test 18', '2023-12-11 19:30:57', 0),
	(122, 24, 117, NULL, 'Commentaire de test 19', '2023-12-11 19:30:58', 0),
	(123, 24, 117, NULL, 'Commentaire de test 20', '2023-12-11 19:30:58', 0),
	(124, 24, 117, NULL, 'Commentaire de test 21', '2023-12-11 19:30:59', 0),
	(125, 24, 117, NULL, 'Commentaire de test 22', '2023-12-11 19:30:59', 0),
	(126, 24, 117, NULL, 'Commentaire de test 23', '2023-12-11 19:30:59', 0),
	(127, 24, 117, NULL, 'Commentaire de test 24', '2023-12-11 19:31:00', 0),
	(128, 24, 117, NULL, 'Commentaire de test 25', '2023-12-11 19:31:00', 0),
	(129, 24, 117, NULL, 'Commentaire de test 26', '2023-12-11 19:31:01', 0),
	(130, 24, 117, NULL, 'Commentaire de test 27', '2023-12-11 19:31:00', 0),
	(131, 24, 117, NULL, 'Commentaire de test 28', '2023-12-11 19:31:02', 0),
	(132, 24, 117, NULL, 'Commentaire de test 29', '2023-12-11 19:31:02', 0),
	(133, 24, 117, NULL, 'Commentaire de test 30', '2023-12-11 19:31:03', 0),
	(134, 24, 117, NULL, 'Commentaire de test 31', '2023-12-11 19:31:03', 0),
	(135, 24, 118, 10, 'Test', NULL, 0),
	(136, 33, 118, 6, NULL, '2023-12-11 22:00:50', 0),
	(137, 33, 124, 9, NULL, '2023-12-11 22:01:03', 0),
	(138, 33, 123, 10, NULL, '2023-12-11 22:01:09', 0),
	(139, 33, 122, 8, NULL, '2023-12-11 22:01:13', 0),
	(140, 33, 121, 7, NULL, '2023-12-11 22:01:17', 0),
	(141, 33, 120, 7, NULL, '2023-12-11 22:01:38', 0),
	(142, 24, 125, 9, NULL, '2023-12-11 22:02:54', 0),
	(143, 33, 126, 10, NULL, '2023-12-13 15:47:36', 0),
	(144, 33, 126, NULL, 'Trop bien ce guide !', '2023-12-13 16:07:08', 0),
	(145, 33, 126, NULL, 'Test modération', '2023-12-13 16:07:55', 1),
	(146, 24, 126, NULL, 'Merci pour ce commentaire', '2023-12-13 16:09:39', 0);

-- Listage de la structure de table guidelol. guide
CREATE TABLE IF NOT EXISTS `guide` (
  `id` int NOT NULL AUTO_INCREMENT,
  `champion_id` varchar(20) CHARACTER SET utf8mb4 COLLATE utf8mb4_unicode_ci NOT NULL,
  `titre` varchar(100) CHARACTER SET utf8mb4 COLLATE utf8mb4_unicode_ci NOT NULL,
  `voie` varchar(10) CHARACTER SET utf8mb4 COLLATE utf8mb4_unicode_ci NOT NULL,
  `created_at` datetime NOT NULL COMMENT '(DC2Type:datetime_immutable)',
  `modified_at` datetime DEFAULT NULL COMMENT '(DC2Type:datetime_immutable)',
  `user_id` int DEFAULT NULL,
  PRIMARY KEY (`id`),
  KEY `IDX_CA9EC735FA7FD7EB` (`champion_id`),
  KEY `IDX_CA9EC735A76ED395` (`user_id`),
  CONSTRAINT `FK_CA9EC735A76ED395` FOREIGN KEY (`user_id`) REFERENCES `user` (`id`) ON DELETE SET NULL,
  CONSTRAINT `FK_CA9EC735FA7FD7EB` FOREIGN KEY (`champion_id`) REFERENCES `data_champion` (`id`)
) ENGINE=InnoDB AUTO_INCREMENT=127 DEFAULT CHARSET=utf8mb4 COLLATE=utf8mb4_unicode_ci;

-- Listage des données de la table guidelol.guide : ~8 rows (environ)
INSERT INTO `guide` (`id`, `champion_id`, `titre`, `voie`, `created_at`, `modified_at`, `user_id`) VALUES
	(117, 'Rengar', 'rengar jgl', 'Jungle', '2023-12-10 03:33:59', '2023-12-13 15:10:09', 24),
	(118, 'Aatrox', 'test delete user', 'Mid', '2023-12-11 00:51:38', '2023-12-11 00:51:38', NULL),
	(120, 'Ashe', 'Test', 'Mid', '2023-12-11 21:57:07', '2023-12-11 21:57:08', 24),
	(121, 'Alistar', 'Test 2', 'Top', '2023-12-11 21:57:39', '2023-12-11 21:57:39', 24),
	(122, 'Belveth', 'Belveth Jungle', 'Jungle', '2023-12-11 21:58:39', '2023-12-11 21:58:39', 24),
	(123, 'Renata', 'Renata Support', 'Support', '2023-12-11 21:59:17', '2023-12-11 21:59:17', 24),
	(124, 'Azir', 'Azir Mid - Like Faker', 'Mid', '2023-12-11 22:00:00', '2023-12-11 22:00:01', 24),
	(125, 'Vayne', 'The vayne ADC', 'Bottom', '2023-12-11 22:02:32', '2023-12-11 22:02:33', 33),
	(126, 'Rengar', 'Nouveaux items [13.23] (MULTISEASON GM) Snoux Guide |S13|', 'Jungle', '2023-12-13 15:31:29', '2023-12-13 15:59:20', 24);

-- Listage de la structure de table guidelol. items_group
CREATE TABLE IF NOT EXISTS `items_group` (
  `id` int NOT NULL AUTO_INCREMENT,
  `ensemble_items_groups_id` int DEFAULT NULL,
  `titre` varchar(50) CHARACTER SET utf8mb4 COLLATE utf8mb4_unicode_ci DEFAULT NULL,
  `commentaire` longtext CHARACTER SET utf8mb4 COLLATE utf8mb4_unicode_ci,
  `ordre` int NOT NULL,
  `ordre_items` json NOT NULL,
  PRIMARY KEY (`id`),
  KEY `IDX_691C8E7E5D08CDBE` (`ensemble_items_groups_id`),
  CONSTRAINT `FK_691C8E7E5D08CDBE` FOREIGN KEY (`ensemble_items_groups_id`) REFERENCES `ensemble_items_groups` (`id`)
) ENGINE=InnoDB AUTO_INCREMENT=117 DEFAULT CHARSET=utf8mb4 COLLATE=utf8mb4_unicode_ci;

-- Listage des données de la table guidelol.items_group : ~9 rows (environ)
INSERT INTO `items_group` (`id`, `ensemble_items_groups_id`, `titre`, `commentaire`, `ordre`, `ordre_items`) VALUES
	(100, 74, NULL, NULL, 0, '{"1004": 3, "2031": 2, "3340": 0, "3363": 1}'),
	(101, 74, NULL, NULL, 1, '{"3363": 0, "3364": 1, "3599": 2}'),
	(102, 75, NULL, NULL, 0, '{"3330": 0, "3340": 1, "3363": 2, "3364": 3, "3599": 4}'),
	(103, 76, NULL, NULL, 0, '{"1004": 2, "1102": 6, "2031": 1, "2055": 0, "3854": 5, "3858": 4, "3862": 3}'),
	(104, 77, NULL, NULL, 0, '{"1011": 1, "1055": 0, "3111": 4, "3133": 3, "3802": 2, "6620": 5, "8020": 6}'),
	(105, 78, NULL, NULL, 0, '{"2055": 1, "3111": 5, "3133": 4, "3134": 3, "3340": 0, "3802": 2}'),
	(106, 79, NULL, NULL, 0, '{"3011": 2, "3041": 4, "3504": 1, "3802": 0, "4003": 3, "8020": 5}'),
	(107, 80, NULL, NULL, 0, '{"3035": 0, "3131": 5, "3803": 3, "4635": 2, "6670": 1, "8020": 4}'),
	(108, 81, NULL, NULL, 0, '{"1004": 1, "2031": 0, "3068": 2, "3116": 5, "3119": 4, "6695": 3}'),
	(109, 82, 'Start items', 'toujours smite bleu', 0, '{"1102": 0, "2003": 1, "3340": 2}'),
	(110, 82, 'Quel botte ?', 'Mercure : contre les ap et les teams avec beaucoup de contrôle (stun etc)\r\nCoques : Contre les teams ad qui font beaucoup d\'auto attaque\r\n\r\nSinon lucidité très fort pour réduire le cd de ses sorts', 1, '{"3047": 1, "3111": 2, "3158": 0}'),
	(111, 83, 'Le meilleur', NULL, 0, '{"3036": 4, "3074": 5, "3142": 0, "3158": 1, "3508": 3, "6676": 6, "6693": 2}'),
	(112, 83, 'Off tank (bruiser)', 'très fort contre les teams tank et contre les counter de Rengar', 1, '{"1001": 5, "3026": 6, "3071": 1, "3156": 3, "3161": 2, "6333": 4, "6632": 0}'),
	(113, 83, 'Contre les bruiser', 'Fort contre les bruiser grâce à l\'éclipse', 2, '{"3036": 3, "3074": 4, "3508": 2, "6676": 5, "6692": 0, "6693": 1}'),
	(114, 84, 'Standard bruiser', 'Très fort contre des teams où c\'est injouable. Jouer en tant que frontlane, beaucoup de sustain et utilisez au maximum le sort Z pour récupérer votre vie', 0, '{"1001": 1, "3071": 3, "3074": 5, "3156": 4, "3161": 2, "6333": 6, "6632": 0}'),
	(115, 84, 'Goredrinker', 'Fort quand il y a beaucoup de champion mêlé en face', 1, '{"1001": 1, "3026": 6, "3074": 2, "3156": 5, "3161": 4, "6333": 3, "6630": 0}'),
	(116, 85, NULL, NULL, 0, '{"3026": 5, "3033": 3, "3065": 4, "3077": 0, "3814": 1, "6609": 6, "6694": 7, "6695": 2}');

-- Listage de la structure de table guidelol. messenger_messages
CREATE TABLE IF NOT EXISTS `messenger_messages` (
  `id` bigint NOT NULL AUTO_INCREMENT,
  `body` longtext CHARACTER SET utf8mb4 COLLATE utf8mb4_unicode_ci NOT NULL,
  `headers` longtext CHARACTER SET utf8mb4 COLLATE utf8mb4_unicode_ci NOT NULL,
  `queue_name` varchar(190) CHARACTER SET utf8mb4 COLLATE utf8mb4_unicode_ci NOT NULL,
  `created_at` datetime NOT NULL COMMENT '(DC2Type:datetime_immutable)',
  `available_at` datetime NOT NULL COMMENT '(DC2Type:datetime_immutable)',
  `delivered_at` datetime DEFAULT NULL COMMENT '(DC2Type:datetime_immutable)',
  PRIMARY KEY (`id`),
  KEY `IDX_75EA56E0FB7336F0` (`queue_name`),
  KEY `IDX_75EA56E0E3BD61CE` (`available_at`),
  KEY `IDX_75EA56E016BA31DB` (`delivered_at`)
) ENGINE=InnoDB AUTO_INCREMENT=28 DEFAULT CHARSET=utf8mb4 COLLATE=utf8mb4_unicode_ci;

-- Listage des données de la table guidelol.messenger_messages : ~0 rows (environ)

-- Listage de la structure de table guidelol. reset_password_request
CREATE TABLE IF NOT EXISTS `reset_password_request` (
  `id` int NOT NULL AUTO_INCREMENT,
  `user_id` int NOT NULL,
  `selector` varchar(20) COLLATE utf8mb4_unicode_ci NOT NULL,
  `hashed_token` varchar(100) COLLATE utf8mb4_unicode_ci NOT NULL,
  `requested_at` datetime NOT NULL COMMENT '(DC2Type:datetime_immutable)',
  `expires_at` datetime NOT NULL COMMENT '(DC2Type:datetime_immutable)',
  PRIMARY KEY (`id`),
  KEY `IDX_7CE748AA76ED395` (`user_id`),
  CONSTRAINT `FK_7CE748AA76ED395` FOREIGN KEY (`user_id`) REFERENCES `user` (`id`)
) ENGINE=InnoDB AUTO_INCREMENT=6 DEFAULT CHARSET=utf8mb4 COLLATE=utf8mb4_unicode_ci;

-- Listage des données de la table guidelol.reset_password_request : ~0 rows (environ)
INSERT INTO `reset_password_request` (`id`, `user_id`, `selector`, `hashed_token`, `requested_at`, `expires_at`) VALUES
	(1, 33, 'UaZ38faiy8y0LqDZEJ2i', 'CzBYpo2CCJ0wlyUyzIXU4z2amDWcOM/36BGBSXlX7Bw=', '2023-12-13 13:47:04', '2023-12-13 14:47:04'),
	(5, 24, '8Y0BdZVAgouT9ENBta4H', 'WjXXmJ+MV9gxBgximvmoR9UFdb40Z6gjtSg00yWvow8=', '2023-12-13 14:21:19', '2023-12-13 15:21:19');

-- Listage de la structure de table guidelol. runes_page
CREATE TABLE IF NOT EXISTS `runes_page` (
  `id` int NOT NULL AUTO_INCREMENT,
  `guide_id` int NOT NULL,
  `titre` varchar(50) CHARACTER SET utf8mb4 COLLATE utf8mb4_unicode_ci DEFAULT NULL,
  `commentaire` longtext CHARACTER SET utf8mb4 COLLATE utf8mb4_unicode_ci,
  `ordre` int NOT NULL,
  PRIMARY KEY (`id`),
  KEY `IDX_B55624CBD7ED1D4B` (`guide_id`),
  CONSTRAINT `FK_B55624CBD7ED1D4B` FOREIGN KEY (`guide_id`) REFERENCES `guide` (`id`)
) ENGINE=InnoDB AUTO_INCREMENT=56 DEFAULT CHARSET=utf8mb4 COLLATE=utf8mb4_unicode_ci;

-- Listage des données de la table guidelol.runes_page : ~11 rows (environ)
INSERT INTO `runes_page` (`id`, `guide_id`, `titre`, `commentaire`, `ordre`) VALUES
	(45, 117, NULL, NULL, 0),
	(46, 118, NULL, NULL, 0),
	(47, 120, NULL, NULL, 0),
	(48, 121, NULL, NULL, 0),
	(49, 122, NULL, NULL, 0),
	(50, 123, NULL, NULL, 0),
	(51, 124, NULL, NULL, 0),
	(52, 125, NULL, NULL, 0),
	(53, 126, 'Bruiser', 'A jouer contre les teams counter et contre les bruiser (donc avec le stuff bruiser)\r\n\r\nBien analyser la team adverse lors de la sélection des champions (draft)', 2),
	(54, 126, 'First stirke crit', 'Très fort avec un stuff crit, très fort pour snowball', 1),
	(55, 126, 'Electrocute', 'Contre les ennemis qui ne sont pas tanky et qui ont pas beaucoup de vie', 0);

-- Listage de la structure de table guidelol. sort_invocateur
CREATE TABLE IF NOT EXISTS `sort_invocateur` (
  `id` int NOT NULL AUTO_INCREMENT,
  `guide_id` int NOT NULL,
  `titre` varchar(50) CHARACTER SET utf8mb4 COLLATE utf8mb4_unicode_ci DEFAULT NULL,
  `commentaire` longtext CHARACTER SET utf8mb4 COLLATE utf8mb4_unicode_ci,
  `ordre` int NOT NULL,
  PRIMARY KEY (`id`),
  KEY `IDX_CEBB8376D7ED1D4B` (`guide_id`),
  CONSTRAINT `FK_CEBB8376D7ED1D4B` FOREIGN KEY (`guide_id`) REFERENCES `guide` (`id`)
) ENGINE=InnoDB AUTO_INCREMENT=106 DEFAULT CHARSET=utf8mb4 COLLATE=utf8mb4_unicode_ci;

-- Listage des données de la table guidelol.sort_invocateur : ~12 rows (environ)
INSERT INTO `sort_invocateur` (`id`, `guide_id`, `titre`, `commentaire`, `ordre`) VALUES
	(94, 117, NULL, NULL, 0),
	(95, 117, NULL, NULL, 1),
	(96, 118, NULL, NULL, 0),
	(97, 120, NULL, NULL, 0),
	(98, 120, NULL, NULL, 1),
	(99, 121, NULL, NULL, 0),
	(100, 122, NULL, NULL, 0),
	(101, 123, NULL, NULL, 0),
	(102, 124, NULL, NULL, 0),
	(103, 125, NULL, NULL, 0),
	(104, 126, 'Strandard', NULL, 0),
	(105, 126, 'Fantôme', 'Très fort contre les compo sans contrôle (uniquement avec la rune tempo mortel)', 1);

-- Listage de la structure de table guidelol. user
CREATE TABLE IF NOT EXISTS `user` (
  `id` int NOT NULL AUTO_INCREMENT,
  `email` varchar(180) CHARACTER SET utf8mb4 COLLATE utf8mb4_unicode_ci NOT NULL,
  `password` varchar(255) CHARACTER SET utf8mb4 COLLATE utf8mb4_unicode_ci NOT NULL,
  `pseudo` varchar(20) CHARACTER SET utf8mb4 COLLATE utf8mb4_unicode_ci NOT NULL,
  `avatar` varchar(255) CHARACTER SET utf8mb4 COLLATE utf8mb4_unicode_ci NOT NULL,
  `roles` json NOT NULL,
  `create_at` datetime NOT NULL COMMENT '(DC2Type:datetime_immutable)',
  `is_verified` tinyint(1) NOT NULL,
  PRIMARY KEY (`id`),
  UNIQUE KEY `UNIQ_8D93D649E7927C74` (`email`),
  UNIQUE KEY `UNIQ_8D93D64986CC499D` (`pseudo`)
) ENGINE=InnoDB AUTO_INCREMENT=34 DEFAULT CHARSET=utf8mb4 COLLATE=utf8mb4_unicode_ci;

-- Listage des données de la table guidelol.user : ~2 rows (environ)
INSERT INTO `user` (`id`, `email`, `password`, `pseudo`, `avatar`, `roles`, `create_at`, `is_verified`) VALUES
	(24, 'test@gmail.com', '$2y$13$qut8Ry/oXqkw1YmY3ZxnT.P23zRoz/phPsOqg2H/NL88LVmVa0REK', 'Snoux', 'avatar_24_1702243127.webp', '["ROLE_ADMIN"]', '2023-11-14 13:14:05', 1),
	(33, 'test10@gmail.com', '$2y$13$wmCX7v/0Zf./ExXZQJ3CJO3wo2GNdSlqo3RZtRs9x8H8WCBz.D5xy', 'user00001', 'asunacloud.webp', '["ROLE_USER"]', '2023-12-11 14:41:33', 1);

/*!40103 SET TIME_ZONE=IFNULL(@OLD_TIME_ZONE, 'system') */;
/*!40101 SET SQL_MODE=IFNULL(@OLD_SQL_MODE, '') */;
/*!40014 SET FOREIGN_KEY_CHECKS=IFNULL(@OLD_FOREIGN_KEY_CHECKS, 1) */;
/*!40101 SET CHARACTER_SET_CLIENT=@OLD_CHARACTER_SET_CLIENT */;
/*!40111 SET SQL_NOTES=IFNULL(@OLD_SQL_NOTES, 1) */;
