-- --------------------------------------------------------
-- Hôte:                         127.0.0.1
-- Version du serveur:           8.0.30 - MySQL Community Server - GPL
-- SE du serveur:                Win64
-- HeidiSQL Version:             12.1.0.6537
-- --------------------------------------------------------

/*!40101 SET @OLD_CHARACTER_SET_CLIENT=@@CHARACTER_SET_CLIENT */;
/*!40101 SET NAMES utf8 */;
/*!50503 SET NAMES utf8mb4 */;
/*!40103 SET @OLD_TIME_ZONE=@@TIME_ZONE */;
/*!40103 SET TIME_ZONE='+00:00' */;
/*!40014 SET @OLD_FOREIGN_KEY_CHECKS=@@FOREIGN_KEY_CHECKS, FOREIGN_KEY_CHECKS=0 */;
/*!40101 SET @OLD_SQL_MODE=@@SQL_MODE, SQL_MODE='NO_AUTO_VALUE_ON_ZERO' */;
/*!40111 SET @OLD_SQL_NOTES=@@SQL_NOTES, SQL_NOTES=0 */;


-- Listage de la structure de la base pour guidelol
CREATE DATABASE IF NOT EXISTS `guidelol` /*!40100 DEFAULT CHARACTER SET utf8mb4 COLLATE utf8mb4_0900_ai_ci */ /*!80016 DEFAULT ENCRYPTION='N' */;
USE `guidelol`;

-- Listage de la structure de table guidelol. associations_arbres_runes
CREATE TABLE IF NOT EXISTS `associations_arbres_runes` (
  `id` int NOT NULL AUTO_INCREMENT,
  `type` varchar(10) COLLATE utf8mb4_unicode_ci NOT NULL,
  PRIMARY KEY (`id`)
) ENGINE=InnoDB AUTO_INCREMENT=420 DEFAULT CHARSET=utf8mb4 COLLATE=utf8mb4_unicode_ci;

-- Listage des données de la table guidelol.associations_arbres_runes : ~0 rows (environ)

-- Listage de la structure de table guidelol. associations_competences_niveaux
CREATE TABLE IF NOT EXISTS `associations_competences_niveaux` (
  `id` int NOT NULL AUTO_INCREMENT,
  `niveaux` longtext COLLATE utf8mb4_unicode_ci NOT NULL COMMENT '(DC2Type:simple_array)',
  PRIMARY KEY (`id`)
) ENGINE=InnoDB AUTO_INCREMENT=203 DEFAULT CHARSET=utf8mb4 COLLATE=utf8mb4_unicode_ci;

-- Listage des données de la table guidelol.associations_competences_niveaux : ~0 rows (environ)

-- Listage de la structure de table guidelol. associations_runes_bonus
CREATE TABLE IF NOT EXISTS `associations_runes_bonus` (
  `id` int NOT NULL AUTO_INCREMENT,
  `type` varchar(20) COLLATE utf8mb4_unicode_ci NOT NULL,
  PRIMARY KEY (`id`)
) ENGINE=InnoDB AUTO_INCREMENT=597 DEFAULT CHARSET=utf8mb4 COLLATE=utf8mb4_unicode_ci;

-- Listage des données de la table guidelol.associations_runes_bonus : ~0 rows (environ)

-- Listage de la structure de table guidelol. choix_arbres
CREATE TABLE IF NOT EXISTS `choix_arbres` (
  `associations_runes_bonus_id` int NOT NULL,
  `associations_arbres_runes_id` int NOT NULL,
  PRIMARY KEY (`associations_runes_bonus_id`,`associations_arbres_runes_id`),
  KEY `IDX_E36C27118E20FAE3` (`associations_runes_bonus_id`),
  KEY `IDX_E36C2711C49E7A84` (`associations_arbres_runes_id`),
  CONSTRAINT `FK_E36C27118E20FAE3` FOREIGN KEY (`associations_runes_bonus_id`) REFERENCES `associations_runes_bonus` (`id`) ON DELETE CASCADE,
  CONSTRAINT `FK_E36C2711C49E7A84` FOREIGN KEY (`associations_arbres_runes_id`) REFERENCES `associations_arbres_runes` (`id`) ON DELETE CASCADE
) ENGINE=InnoDB DEFAULT CHARSET=utf8mb4 COLLATE=utf8mb4_unicode_ci;

-- Listage des données de la table guidelol.choix_arbres : ~0 rows (environ)

-- Listage de la structure de table guidelol. choix_competences_niveaux
CREATE TABLE IF NOT EXISTS `choix_competences_niveaux` (
  `competences_group_id` int NOT NULL,
  `associations_competences_niveaux_id` int NOT NULL,
  PRIMARY KEY (`competences_group_id`,`associations_competences_niveaux_id`),
  KEY `IDX_A3F0C9A1B1400904` (`competences_group_id`),
  KEY `IDX_A3F0C9A18E5F4FAE` (`associations_competences_niveaux_id`),
  CONSTRAINT `FK_A3F0C9A18E5F4FAE` FOREIGN KEY (`associations_competences_niveaux_id`) REFERENCES `associations_competences_niveaux` (`id`) ON DELETE CASCADE,
  CONSTRAINT `FK_A3F0C9A1B1400904` FOREIGN KEY (`competences_group_id`) REFERENCES `competences_group` (`id`) ON DELETE CASCADE
) ENGINE=InnoDB DEFAULT CHARSET=utf8mb4 COLLATE=utf8mb4_unicode_ci;

-- Listage des données de la table guidelol.choix_competences_niveaux : ~0 rows (environ)

-- Listage de la structure de table guidelol. choix_items
CREATE TABLE IF NOT EXISTS `choix_items` (
  `items_group_id` int NOT NULL,
  `data_item_id` int NOT NULL,
  PRIMARY KEY (`items_group_id`,`data_item_id`),
  KEY `IDX_299CCA8A892F6989` (`items_group_id`),
  KEY `IDX_299CCA8A766404AF` (`data_item_id`),
  CONSTRAINT `FK_299CCA8A766404AF` FOREIGN KEY (`data_item_id`) REFERENCES `data_item` (`id`) ON DELETE CASCADE,
  CONSTRAINT `FK_299CCA8A892F6989` FOREIGN KEY (`items_group_id`) REFERENCES `items_group` (`id`) ON DELETE CASCADE
) ENGINE=InnoDB DEFAULT CHARSET=utf8mb4 COLLATE=utf8mb4_unicode_ci;

-- Listage des données de la table guidelol.choix_items : ~0 rows (environ)

-- Listage de la structure de table guidelol. choix_runes
CREATE TABLE IF NOT EXISTS `choix_runes` (
  `associations_arbres_runes_id` int NOT NULL,
  `data_rune_id` int NOT NULL,
  PRIMARY KEY (`associations_arbres_runes_id`,`data_rune_id`),
  KEY `IDX_429C6E95C49E7A84` (`associations_arbres_runes_id`),
  KEY `IDX_429C6E956A8506C0` (`data_rune_id`),
  CONSTRAINT `FK_429C6E956A8506C0` FOREIGN KEY (`data_rune_id`) REFERENCES `data_rune` (`id`) ON DELETE CASCADE,
  CONSTRAINT `FK_429C6E95C49E7A84` FOREIGN KEY (`associations_arbres_runes_id`) REFERENCES `associations_arbres_runes` (`id`) ON DELETE CASCADE
) ENGINE=InnoDB DEFAULT CHARSET=utf8mb4 COLLATE=utf8mb4_unicode_ci;

-- Listage des données de la table guidelol.choix_runes : ~0 rows (environ)

-- Listage de la structure de table guidelol. choix_runes_pages
CREATE TABLE IF NOT EXISTS `choix_runes_pages` (
  `runes_page_id` int NOT NULL,
  `associations_runes_bonus_id` int NOT NULL,
  PRIMARY KEY (`runes_page_id`,`associations_runes_bonus_id`),
  KEY `IDX_456D4087885BA943` (`runes_page_id`),
  KEY `IDX_456D40878E20FAE3` (`associations_runes_bonus_id`),
  CONSTRAINT `FK_456D4087885BA943` FOREIGN KEY (`runes_page_id`) REFERENCES `runes_page` (`id`) ON DELETE CASCADE,
  CONSTRAINT `FK_456D40878E20FAE3` FOREIGN KEY (`associations_runes_bonus_id`) REFERENCES `associations_runes_bonus` (`id`) ON DELETE CASCADE
) ENGINE=InnoDB DEFAULT CHARSET=utf8mb4 COLLATE=utf8mb4_unicode_ci;

-- Listage des données de la table guidelol.choix_runes_pages : ~0 rows (environ)

-- Listage de la structure de table guidelol. choix_sort_invocateur
CREATE TABLE IF NOT EXISTS `choix_sort_invocateur` (
  `sort_invocateur_id` int NOT NULL,
  `data_sort_invocateur_id` varchar(30) COLLATE utf8mb4_unicode_ci NOT NULL,
  PRIMARY KEY (`sort_invocateur_id`,`data_sort_invocateur_id`),
  KEY `IDX_1487B837A207090` (`sort_invocateur_id`),
  KEY `IDX_1487B8350930EAF` (`data_sort_invocateur_id`),
  CONSTRAINT `FK_1487B8350930EAF` FOREIGN KEY (`data_sort_invocateur_id`) REFERENCES `data_sort_invocateur` (`id`) ON DELETE CASCADE,
  CONSTRAINT `FK_1487B837A207090` FOREIGN KEY (`sort_invocateur_id`) REFERENCES `sort_invocateur` (`id`) ON DELETE CASCADE
) ENGINE=InnoDB DEFAULT CHARSET=utf8mb4 COLLATE=utf8mb4_unicode_ci;

-- Listage des données de la table guidelol.choix_sort_invocateur : ~0 rows (environ)

-- Listage de la structure de table guidelol. choix_statistiques_bonus
CREATE TABLE IF NOT EXISTS `choix_statistiques_bonus` (
  `associations_runes_bonus_id` int NOT NULL,
  `data_statistique_bonus_id` int NOT NULL,
  PRIMARY KEY (`associations_runes_bonus_id`,`data_statistique_bonus_id`),
  KEY `IDX_68A8F9E08E20FAE3` (`associations_runes_bonus_id`),
  KEY `IDX_68A8F9E02129CEC0` (`data_statistique_bonus_id`),
  CONSTRAINT `FK_68A8F9E02129CEC0` FOREIGN KEY (`data_statistique_bonus_id`) REFERENCES `data_statistique_bonus` (`id`) ON DELETE CASCADE,
  CONSTRAINT `FK_68A8F9E08E20FAE3` FOREIGN KEY (`associations_runes_bonus_id`) REFERENCES `associations_runes_bonus` (`id`) ON DELETE CASCADE
) ENGINE=InnoDB DEFAULT CHARSET=utf8mb4 COLLATE=utf8mb4_unicode_ci;

-- Listage des données de la table guidelol.choix_statistiques_bonus : ~0 rows (environ)

-- Listage de la structure de table guidelol. competences
CREATE TABLE IF NOT EXISTS `competences` (
  `associations_competences_niveaux_id` int NOT NULL,
  `data_competence_id` varchar(30) COLLATE utf8mb4_unicode_ci NOT NULL,
  PRIMARY KEY (`associations_competences_niveaux_id`,`data_competence_id`),
  KEY `IDX_DB2077CE8E5F4FAE` (`associations_competences_niveaux_id`),
  KEY `IDX_DB2077CEE4340981` (`data_competence_id`),
  CONSTRAINT `FK_DB2077CE8E5F4FAE` FOREIGN KEY (`associations_competences_niveaux_id`) REFERENCES `associations_competences_niveaux` (`id`) ON DELETE CASCADE,
  CONSTRAINT `FK_DB2077CEE4340981` FOREIGN KEY (`data_competence_id`) REFERENCES `data_competence` (`id`) ON DELETE CASCADE
) ENGINE=InnoDB DEFAULT CHARSET=utf8mb4 COLLATE=utf8mb4_unicode_ci;

-- Listage des données de la table guidelol.competences : ~0 rows (environ)

-- Listage de la structure de table guidelol. competences_group
CREATE TABLE IF NOT EXISTS `competences_group` (
  `id` int NOT NULL AUTO_INCREMENT,
  `guide_id` int DEFAULT NULL,
  `titre` varchar(50) COLLATE utf8mb4_unicode_ci DEFAULT NULL,
  `commentaire` longtext COLLATE utf8mb4_unicode_ci,
  `ordre` int NOT NULL,
  PRIMARY KEY (`id`),
  KEY `IDX_A6069EADD7ED1D4B` (`guide_id`),
  CONSTRAINT `FK_A6069EADD7ED1D4B` FOREIGN KEY (`guide_id`) REFERENCES `guide` (`id`)
) ENGINE=InnoDB AUTO_INCREMENT=24 DEFAULT CHARSET=utf8mb4 COLLATE=utf8mb4_unicode_ci;

-- Listage des données de la table guidelol.competences_group : ~0 rows (environ)

-- Listage de la structure de table guidelol. data_champion
CREATE TABLE IF NOT EXISTS `data_champion` (
  `id` varchar(20) COLLATE utf8mb4_unicode_ci NOT NULL,
  PRIMARY KEY (`id`)
) ENGINE=InnoDB DEFAULT CHARSET=utf8mb4 COLLATE=utf8mb4_unicode_ci;

-- Listage des données de la table guidelol.data_champion : ~165 rows (environ)
INSERT INTO `data_champion` (`id`) VALUES
	('Aatrox'),
	('Ahri'),
	('Akali'),
	('Akshan'),
	('Alistar'),
	('Amumu'),
	('Anivia'),
	('Annie'),
	('Aphelios'),
	('Ashe'),
	('AurelionSol'),
	('Azir'),
	('Bard'),
	('Belveth'),
	('Blitzcrank'),
	('Brand'),
	('Braum'),
	('Briar'),
	('Caitlyn'),
	('Camille'),
	('Cassiopeia'),
	('Chogath'),
	('Corki'),
	('Darius'),
	('Diana'),
	('Draven'),
	('DrMundo'),
	('Ekko'),
	('Elise'),
	('Evelynn'),
	('Ezreal'),
	('Fiddlesticks'),
	('Fiora'),
	('Fizz'),
	('Galio'),
	('Gangplank'),
	('Garen'),
	('Gnar'),
	('Gragas'),
	('Graves'),
	('Gwen'),
	('Hecarim'),
	('Heimerdinger'),
	('Illaoi'),
	('Irelia'),
	('Ivern'),
	('Janna'),
	('JarvanIV'),
	('Jax'),
	('Jayce'),
	('Jhin'),
	('Jinx'),
	('Kaisa'),
	('Kalista'),
	('Karma'),
	('Karthus'),
	('Kassadin'),
	('Katarina'),
	('Kayle'),
	('Kayn'),
	('Kennen'),
	('Khazix'),
	('Kindred'),
	('Kled'),
	('KogMaw'),
	('KSante'),
	('Leblanc'),
	('LeeSin'),
	('Leona'),
	('Lillia'),
	('Lissandra'),
	('Lucian'),
	('Lulu'),
	('Lux'),
	('Malphite'),
	('Malzahar'),
	('Maokai'),
	('MasterYi'),
	('Milio'),
	('MissFortune'),
	('MonkeyKing'),
	('Mordekaiser'),
	('Morgana'),
	('Naafiri'),
	('Nami'),
	('Nasus'),
	('Nautilus'),
	('Neeko'),
	('Nidalee'),
	('Nilah'),
	('Nocturne'),
	('Nunu'),
	('Olaf'),
	('Orianna'),
	('Ornn'),
	('Pantheon'),
	('Poppy'),
	('Pyke'),
	('Qiyana'),
	('Quinn'),
	('Rakan'),
	('Rammus'),
	('RekSai'),
	('Rell'),
	('Renata'),
	('Renekton'),
	('Rengar'),
	('Riven'),
	('Rumble'),
	('Ryze'),
	('Samira'),
	('Sejuani'),
	('Senna'),
	('Seraphine'),
	('Sett'),
	('Shaco'),
	('Shen'),
	('Shyvana'),
	('Singed'),
	('Sion'),
	('Sivir'),
	('Skarner'),
	('Sona'),
	('Soraka'),
	('Swain'),
	('Sylas'),
	('Syndra'),
	('TahmKench'),
	('Taliyah'),
	('Talon'),
	('Taric'),
	('Teemo'),
	('Thresh'),
	('Tristana'),
	('Trundle'),
	('Tryndamere'),
	('TwistedFate'),
	('Twitch'),
	('Udyr'),
	('Urgot'),
	('Varus'),
	('Vayne'),
	('Veigar'),
	('Velkoz'),
	('Vex'),
	('Vi'),
	('Viego'),
	('Viktor'),
	('Vladimir'),
	('Volibear'),
	('Warwick'),
	('Xayah'),
	('Xerath'),
	('XinZhao'),
	('Yasuo'),
	('Yone'),
	('Yorick'),
	('Yuumi'),
	('Zac'),
	('Zed'),
	('Zeri'),
	('Ziggs'),
	('Zilean'),
	('Zoe'),
	('Zyra');

-- Listage de la structure de table guidelol. data_competence
CREATE TABLE IF NOT EXISTS `data_competence` (
  `id` varchar(30) COLLATE utf8mb4_unicode_ci NOT NULL,
  `nom_champion` varchar(20) COLLATE utf8mb4_unicode_ci NOT NULL,
  `type` varchar(10) COLLATE utf8mb4_unicode_ci NOT NULL,
  PRIMARY KEY (`id`)
) ENGINE=InnoDB DEFAULT CHARSET=utf8mb4 COLLATE=utf8mb4_unicode_ci;

-- Listage des données de la table guidelol.data_competence : ~660 rows (environ)
INSERT INTO `data_competence` (`id`, `nom_champion`, `type`) VALUES
	('AatroxE', 'Aatrox', 'E'),
	('AatroxQ', 'Aatrox', 'A'),
	('AatroxR', 'Aatrox', 'R'),
	('AatroxW', 'Aatrox', 'Z'),
	('AhriE', 'Ahri', 'E'),
	('AhriQ', 'Ahri', 'A'),
	('AhriR', 'Ahri', 'R'),
	('AhriW', 'Ahri', 'Z'),
	('AkaliE', 'Akali', 'E'),
	('AkaliQ', 'Akali', 'A'),
	('AkaliR', 'Akali', 'R'),
	('AkaliW', 'Akali', 'Z'),
	('AkshanE', 'Akshan', 'E'),
	('AkshanQ', 'Akshan', 'A'),
	('AkshanR', 'Akshan', 'R'),
	('AkshanW', 'Akshan', 'Z'),
	('AlistarE', 'Alistar', 'E'),
	('AlphaStrike', 'MasterYi', 'A'),
	('AnnieE', 'Annie', 'E'),
	('AnnieQ', 'Annie', 'A'),
	('AnnieR', 'Annie', 'R'),
	('AnnieW', 'Annie', 'Z'),
	('ApheliosE_ClientTooltipWrapper', 'Aphelios', 'E'),
	('ApheliosQ_ClientTooltipWrapper', 'Aphelios', 'A'),
	('ApheliosR', 'Aphelios', 'R'),
	('ApheliosW', 'Aphelios', 'Z'),
	('AsheQ', 'Ashe', 'A'),
	('AsheSpiritOfTheHawk', 'Ashe', 'E'),
	('AspectOfTheCougar', 'Nidalee', 'R'),
	('AuraofDespair', 'Amumu', 'Z'),
	('AurelionSolE', 'AurelionSol', 'E'),
	('AurelionSolQ', 'AurelionSol', 'A'),
	('AurelionSolR', 'AurelionSol', 'R'),
	('AurelionSolW', 'AurelionSol', 'Z'),
	('AzirEWrapper', 'Azir', 'E'),
	('AzirQWrapper', 'Azir', 'A'),
	('AzirR', 'Azir', 'R'),
	('AzirW', 'Azir', 'Z'),
	('BandageToss', 'Amumu', 'A'),
	('BardE', 'Bard', 'E'),
	('BardQ', 'Bard', 'A'),
	('BardR', 'Bard', 'R'),
	('BardW', 'Bard', 'Z'),
	('BelvethE', 'Belveth', 'E'),
	('BelvethQ', 'Belveth', 'A'),
	('BelvethR', 'Belveth', 'R'),
	('BelvethW', 'Belveth', 'Z'),
	('BlindingDart', 'Teemo', 'A'),
	('BlindMonkEOne', 'LeeSin', 'E'),
	('BlindMonkQOne', 'LeeSin', 'A'),
	('BlindMonkRKick', 'LeeSin', 'R'),
	('BlindMonkWOne', 'LeeSin', 'Z'),
	('BrandE', 'Brand', 'E'),
	('BrandQ', 'Brand', 'A'),
	('BrandR', 'Brand', 'R'),
	('BrandW', 'Brand', 'Z'),
	('BraumE', 'Braum', 'E'),
	('BraumQ', 'Braum', 'A'),
	('BraumRWrapper', 'Braum', 'R'),
	('BraumW', 'Braum', 'Z'),
	('BriarE', 'Briar', 'E'),
	('BriarQ', 'Briar', 'A'),
	('BriarR', 'Briar', 'R'),
	('BriarW', 'Briar', 'Z'),
	('Bushwhack', 'Nidalee', 'Z'),
	('CaitlynE', 'Caitlyn', 'E'),
	('CaitlynQ', 'Caitlyn', 'A'),
	('CaitlynR', 'Caitlyn', 'R'),
	('CaitlynW', 'Caitlyn', 'Z'),
	('CamilleE', 'Camille', 'E'),
	('CamilleQ', 'Camille', 'A'),
	('CamilleR', 'Camille', 'R'),
	('CamilleW', 'Camille', 'Z'),
	('CardmasterStack', 'TwistedFate', 'E'),
	('CarpetBomb', 'Corki', 'Z'),
	('CassiopeiaE', 'Cassiopeia', 'E'),
	('CassiopeiaQ', 'Cassiopeia', 'A'),
	('CassiopeiaR', 'Cassiopeia', 'R'),
	('CassiopeiaW', 'Cassiopeia', 'Z'),
	('ChronoShift', 'Zilean', 'R'),
	('Crystallize', 'Anivia', 'Z'),
	('CurseoftheSadMummy', 'Amumu', 'R'),
	('DariusAxeGrabCone', 'Darius', 'E'),
	('DariusCleave', 'Darius', 'A'),
	('DariusExecute', 'Darius', 'R'),
	('DariusNoxianTacticsONH', 'Darius', 'Z'),
	('Deceive', 'Shaco', 'A'),
	('DefensiveBallCurl', 'Rammus', 'Z'),
	('Destiny', 'TwistedFate', 'R'),
	('DianaOrbs', 'Diana', 'Z'),
	('DianaQ', 'Diana', 'A'),
	('DianaR', 'Diana', 'R'),
	('DianaTeleport', 'Diana', 'E'),
	('DravenDoubleShot', 'Draven', 'E'),
	('DravenFury', 'Draven', 'Z'),
	('DravenRCast', 'Draven', 'R'),
	('DravenSpinning', 'Draven', 'A'),
	('DrMundoE', 'DrMundo', 'E'),
	('DrMundoQ', 'DrMundo', 'A'),
	('DrMundoR', 'DrMundo', 'R'),
	('DrMundoW', 'DrMundo', 'Z'),
	('EkkoE', 'Ekko', 'E'),
	('EkkoQ', 'Ekko', 'A'),
	('EkkoR', 'Ekko', 'R'),
	('EkkoW', 'Ekko', 'Z'),
	('EliseHumanE', 'Elise', 'E'),
	('EliseHumanQ', 'Elise', 'A'),
	('EliseHumanW', 'Elise', 'Z'),
	('EliseR', 'Elise', 'R'),
	('EnchantedCrystalArrow', 'Ashe', 'R'),
	('EvelynnE', 'Evelynn', 'E'),
	('EvelynnQ', 'Evelynn', 'A'),
	('EvelynnR', 'Evelynn', 'R'),
	('EvelynnW', 'Evelynn', 'Z'),
	('EyeOfTheStorm', 'Janna', 'E'),
	('EzrealE', 'Ezreal', 'E'),
	('EzrealQ', 'Ezreal', 'A'),
	('EzrealR', 'Ezreal', 'R'),
	('EzrealW', 'Ezreal', 'Z'),
	('Feast', 'Chogath', 'R'),
	('FeralScream', 'Chogath', 'Z'),
	('FerociousHowl', 'Alistar', 'R'),
	('FiddleSticksE', 'Fiddlesticks', 'E'),
	('FiddleSticksQ', 'Fiddlesticks', 'A'),
	('FiddleSticksR', 'Fiddlesticks', 'R'),
	('FiddleSticksW', 'Fiddlesticks', 'Z'),
	('FioraE', 'Fiora', 'E'),
	('FioraQ', 'Fiora', 'A'),
	('FioraR', 'Fiora', 'R'),
	('FioraW', 'Fiora', 'Z'),
	('FizzE', 'Fizz', 'E'),
	('FizzQ', 'Fizz', 'A'),
	('FizzR', 'Fizz', 'R'),
	('FizzW', 'Fizz', 'Z'),
	('FlashFrost', 'Anivia', 'A'),
	('Fling', 'Singed', 'E'),
	('ForcePulse', 'Kassadin', 'E'),
	('Frostbite', 'Anivia', 'E'),
	('GalioE', 'Galio', 'E'),
	('GalioQ', 'Galio', 'A'),
	('GalioR', 'Galio', 'R'),
	('GalioW', 'Galio', 'Z'),
	('GangplankE', 'Gangplank', 'E'),
	('GangplankQWrapper', 'Gangplank', 'A'),
	('GangplankR', 'Gangplank', 'R'),
	('GangplankW', 'Gangplank', 'Z'),
	('GarenE', 'Garen', 'E'),
	('GarenQ', 'Garen', 'A'),
	('GarenR', 'Garen', 'R'),
	('GarenW', 'Garen', 'Z'),
	('GGun', 'Corki', 'E'),
	('GlacialStorm', 'Anivia', 'R'),
	('GnarE', 'Gnar', 'E'),
	('GnarQ', 'Gnar', 'A'),
	('GnarR', 'Gnar', 'R'),
	('GnarW', 'Gnar', 'Z'),
	('GragasE', 'Gragas', 'E'),
	('GragasQ', 'Gragas', 'A'),
	('GragasR', 'Gragas', 'R'),
	('GragasW', 'Gragas', 'Z'),
	('GravesChargeShot', 'Graves', 'R'),
	('GravesMove', 'Graves', 'E'),
	('GravesQLineSpell', 'Graves', 'A'),
	('GravesSmokeGrenade', 'Graves', 'Z'),
	('GwenE', 'Gwen', 'E'),
	('GwenQ', 'Gwen', 'A'),
	('GwenR', 'Gwen', 'R'),
	('GwenW', 'Gwen', 'Z'),
	('HallucinateFull', 'Shaco', 'R'),
	('Headbutt', 'Alistar', 'Z'),
	('HecarimRamp', 'Hecarim', 'E'),
	('HecarimRapidSlash', 'Hecarim', 'A'),
	('HecarimUlt', 'Hecarim', 'R'),
	('HecarimW', 'Hecarim', 'Z'),
	('HeimerdingerE', 'Heimerdinger', 'E'),
	('HeimerdingerQ', 'Heimerdinger', 'A'),
	('HeimerdingerR', 'Heimerdinger', 'R'),
	('HeimerdingerW', 'Heimerdinger', 'Z'),
	('Highlander', 'MasterYi', 'R'),
	('HowlingGale', 'Janna', 'A'),
	('IllaoiE', 'Illaoi', 'E'),
	('IllaoiQ', 'Illaoi', 'A'),
	('IllaoiR', 'Illaoi', 'R'),
	('IllaoiW', 'Illaoi', 'Z'),
	('InsanityPotion', 'Singed', 'R'),
	('IreliaE', 'Irelia', 'E'),
	('IreliaQ', 'Irelia', 'A'),
	('IreliaR', 'Irelia', 'R'),
	('IreliaW', 'Irelia', 'Z'),
	('IvernE', 'Ivern', 'E'),
	('IvernQ', 'Ivern', 'A'),
	('IvernR', 'Ivern', 'R'),
	('IvernW', 'Ivern', 'Z'),
	('JackInTheBox', 'Shaco', 'Z'),
	('JarvanIVCataclysm', 'JarvanIV', 'R'),
	('JarvanIVDemacianStandard', 'JarvanIV', 'E'),
	('JarvanIVDragonStrike', 'JarvanIV', 'A'),
	('JarvanIVGoldenAegis', 'JarvanIV', 'Z'),
	('JavelinToss', 'Nidalee', 'A'),
	('JaxE', 'Jax', 'E'),
	('JaxQ', 'Jax', 'A'),
	('JaxR', 'Jax', 'R'),
	('JaxW', 'Jax', 'Z'),
	('JayceStanceHtG', 'Jayce', 'R'),
	('JayceStaticField', 'Jayce', 'Z'),
	('JayceThunderingBlow', 'Jayce', 'E'),
	('JayceToTheSkies', 'Jayce', 'A'),
	('JhinE', 'Jhin', 'E'),
	('JhinQ', 'Jhin', 'A'),
	('JhinR', 'Jhin', 'R'),
	('JhinW', 'Jhin', 'Z'),
	('JinxE', 'Jinx', 'E'),
	('JinxQ', 'Jinx', 'A'),
	('JinxR', 'Jinx', 'R'),
	('JinxW', 'Jinx', 'Z'),
	('KaisaE', 'Kaisa', 'E'),
	('KaisaQ', 'Kaisa', 'A'),
	('KaisaR', 'Kaisa', 'R'),
	('KaisaW', 'Kaisa', 'Z'),
	('KalistaExpungeWrapper', 'Kalista', 'E'),
	('KalistaMysticShot', 'Kalista', 'A'),
	('KalistaRx', 'Kalista', 'R'),
	('KalistaW', 'Kalista', 'Z'),
	('KarmaMantra', 'Karma', 'R'),
	('KarmaQ', 'Karma', 'A'),
	('KarmaSolKimShield', 'Karma', 'E'),
	('KarmaSpiritBind', 'Karma', 'Z'),
	('KarthusDefile', 'Karthus', 'E'),
	('KarthusFallenOne', 'Karthus', 'R'),
	('KarthusLayWasteA1', 'Karthus', 'A'),
	('KarthusWallOfPain', 'Karthus', 'Z'),
	('KatarinaEWrapper', 'Katarina', 'E'),
	('KatarinaQ', 'Katarina', 'A'),
	('KatarinaR', 'Katarina', 'R'),
	('KatarinaW', 'Katarina', 'Z'),
	('KayleE', 'Kayle', 'E'),
	('KayleQ', 'Kayle', 'A'),
	('KayleR', 'Kayle', 'R'),
	('KayleW', 'Kayle', 'Z'),
	('KaynE', 'Kayn', 'E'),
	('KaynQ', 'Kayn', 'A'),
	('KaynR', 'Kayn', 'R'),
	('KaynW', 'Kayn', 'Z'),
	('KennenBringTheLight', 'Kennen', 'Z'),
	('KennenLightningRush', 'Kennen', 'E'),
	('KennenShurikenHurlMissile1', 'Kennen', 'A'),
	('KennenShurikenStorm', 'Kennen', 'R'),
	('KhazixE', 'Khazix', 'E'),
	('KhazixQ', 'Khazix', 'A'),
	('KhazixR', 'Khazix', 'R'),
	('KhazixW', 'Khazix', 'Z'),
	('KindredEWrapper', 'Kindred', 'E'),
	('KindredQ', 'Kindred', 'A'),
	('KindredR', 'Kindred', 'R'),
	('KindredW', 'Kindred', 'Z'),
	('KledE', 'Kled', 'E'),
	('KledQ', 'Kled', 'A'),
	('KledR', 'Kled', 'R'),
	('KledW', 'Kled', 'Z'),
	('KogMawBioArcaneBarrage', 'KogMaw', 'Z'),
	('KogMawLivingArtillery', 'KogMaw', 'R'),
	('KogMawQ', 'KogMaw', 'A'),
	('KogMawVoidOoze', 'KogMaw', 'E'),
	('KSanteE', 'KSante', 'E'),
	('KSanteQ', 'KSante', 'A'),
	('KSanteR', 'KSante', 'R'),
	('KSanteW', 'KSante', 'Z'),
	('Landslide', 'Malphite', 'E'),
	('LeblancE', 'Leblanc', 'E'),
	('LeblancQ', 'Leblanc', 'A'),
	('LeblancR', 'Leblanc', 'R'),
	('LeblancW', 'Leblanc', 'Z'),
	('LeonaShieldOfDaybreak', 'Leona', 'A'),
	('LeonaSolarBarrier', 'Leona', 'Z'),
	('LeonaSolarFlare', 'Leona', 'R'),
	('LeonaZenithBlade', 'Leona', 'E'),
	('LilliaE', 'Lillia', 'E'),
	('LilliaQ', 'Lillia', 'A'),
	('LilliaR', 'Lillia', 'R'),
	('LilliaW', 'Lillia', 'Z'),
	('LissandraE', 'Lissandra', 'E'),
	('LissandraQ', 'Lissandra', 'A'),
	('LissandraR', 'Lissandra', 'R'),
	('LissandraW', 'Lissandra', 'Z'),
	('LucianE', 'Lucian', 'E'),
	('LucianQ', 'Lucian', 'A'),
	('LucianR', 'Lucian', 'R'),
	('LucianW', 'Lucian', 'Z'),
	('LuluE', 'Lulu', 'E'),
	('LuluQ', 'Lulu', 'A'),
	('LuluR', 'Lulu', 'R'),
	('LuluW', 'Lulu', 'Z'),
	('LuxLightBinding', 'Lux', 'A'),
	('LuxLightStrikeKugel', 'Lux', 'E'),
	('LuxPrismaticWave', 'Lux', 'Z'),
	('LuxR', 'Lux', 'R'),
	('MalzaharE', 'Malzahar', 'E'),
	('MalzaharQ', 'Malzahar', 'A'),
	('MalzaharR', 'Malzahar', 'R'),
	('MalzaharW', 'Malzahar', 'Z'),
	('MaokaiE', 'Maokai', 'E'),
	('MaokaiQ', 'Maokai', 'A'),
	('MaokaiR', 'Maokai', 'R'),
	('MaokaiW', 'Maokai', 'Z'),
	('Meditate', 'MasterYi', 'Z'),
	('MegaAdhesive', 'Singed', 'Z'),
	('MilioE', 'Milio', 'E'),
	('MilioQ', 'Milio', 'A'),
	('MilioR', 'Milio', 'R'),
	('MilioW', 'Milio', 'Z'),
	('MissFortuneBulletTime', 'MissFortune', 'R'),
	('MissFortuneRicochetShot', 'MissFortune', 'A'),
	('MissFortuneScattershot', 'MissFortune', 'E'),
	('MissFortuneViciousStrikes', 'MissFortune', 'Z'),
	('MissileBarrage', 'Corki', 'R'),
	('MonkeyKingDecoy', 'MonkeyKing', 'Z'),
	('MonkeyKingDoubleAttack', 'MonkeyKing', 'A'),
	('MonkeyKingNimbus', 'MonkeyKing', 'E'),
	('MonkeyKingSpinToWin', 'MonkeyKing', 'R'),
	('MordekaiserE', 'Mordekaiser', 'E'),
	('MordekaiserQ', 'Mordekaiser', 'A'),
	('MordekaiserR', 'Mordekaiser', 'R'),
	('MordekaiserW', 'Mordekaiser', 'Z'),
	('MorganaE', 'Morgana', 'E'),
	('MorganaQ', 'Morgana', 'A'),
	('MorganaR', 'Morgana', 'R'),
	('MorganaW', 'Morgana', 'Z'),
	('MoveQuick', 'Teemo', 'Z'),
	('NaafiriE', 'Naafiri', 'E'),
	('NaafiriQ', 'Naafiri', 'A'),
	('NaafiriR', 'Naafiri', 'R'),
	('NaafiriW', 'Naafiri', 'Z'),
	('NamiE', 'Nami', 'E'),
	('NamiQ', 'Nami', 'A'),
	('NamiR', 'Nami', 'R'),
	('NamiW', 'Nami', 'Z'),
	('NasusE', 'Nasus', 'E'),
	('NasusQ', 'Nasus', 'A'),
	('NasusR', 'Nasus', 'R'),
	('NasusW', 'Nasus', 'Z'),
	('NautilusAnchorDrag', 'Nautilus', 'A'),
	('NautilusGrandLine', 'Nautilus', 'R'),
	('NautilusPiercingGaze', 'Nautilus', 'Z'),
	('NautilusSplashZone', 'Nautilus', 'E'),
	('NeekoE', 'Neeko', 'E'),
	('NeekoQ', 'Neeko', 'A'),
	('NeekoR', 'Neeko', 'R'),
	('NeekoW', 'Neeko', 'Z'),
	('NetherBlade', 'Kassadin', 'Z'),
	('NilahE', 'Nilah', 'E'),
	('NilahQ', 'Nilah', 'A'),
	('NilahR', 'Nilah', 'R'),
	('NilahW', 'Nilah', 'Z'),
	('NocturneDuskbringer', 'Nocturne', 'A'),
	('NocturneParanoia', 'Nocturne', 'R'),
	('NocturneShroudofDarkness', 'Nocturne', 'Z'),
	('NocturneUnspeakableHorror', 'Nocturne', 'E'),
	('NullLance', 'Kassadin', 'A'),
	('NunuE', 'Nunu', 'E'),
	('NunuQ', 'Nunu', 'A'),
	('NunuR', 'Nunu', 'R'),
	('NunuW', 'Nunu', 'Z'),
	('Obduracy', 'Malphite', 'Z'),
	('OlafAxeThrowCast', 'Olaf', 'A'),
	('OlafFrenziedStrikes', 'Olaf', 'Z'),
	('OlafRagnarok', 'Olaf', 'R'),
	('OlafRecklessStrike', 'Olaf', 'E'),
	('OrianaDetonateCommand', 'Orianna', 'R'),
	('OrianaDissonanceCommand', 'Orianna', 'Z'),
	('OrianaIzunaCommand', 'Orianna', 'A'),
	('OrianaRedactCommand', 'Orianna', 'E'),
	('OrnnE', 'Ornn', 'E'),
	('OrnnQ', 'Ornn', 'A'),
	('OrnnR', 'Ornn', 'R'),
	('OrnnW', 'Ornn', 'Z'),
	('Overdrive', 'Blitzcrank', 'Z'),
	('PantheonE', 'Pantheon', 'E'),
	('PantheonQ', 'Pantheon', 'A'),
	('PantheonR', 'Pantheon', 'R'),
	('PantheonW', 'Pantheon', 'Z'),
	('PhosphorusBomb', 'Corki', 'A'),
	('PickACard', 'TwistedFate', 'Z'),
	('PoisonTrail', 'Singed', 'A'),
	('PoppyE', 'Poppy', 'E'),
	('PoppyQ', 'Poppy', 'A'),
	('PoppyR', 'Poppy', 'R'),
	('PoppyW', 'Poppy', 'Z'),
	('PowerBall', 'Rammus', 'A'),
	('PowerFist', 'Blitzcrank', 'E'),
	('PrimalSurge', 'Nidalee', 'E'),
	('Pulverize', 'Alistar', 'A'),
	('PuncturingTaunt', 'Rammus', 'E'),
	('PykeE', 'Pyke', 'E'),
	('PykeQ', 'Pyke', 'A'),
	('PykeR', 'Pyke', 'R'),
	('PykeW', 'Pyke', 'Z'),
	('QiyanaE', 'Qiyana', 'E'),
	('QiyanaQ', 'Qiyana', 'A'),
	('QiyanaR', 'Qiyana', 'R'),
	('QiyanaW', 'Qiyana', 'Z'),
	('QuinnE', 'Quinn', 'E'),
	('QuinnQ', 'Quinn', 'A'),
	('QuinnR', 'Quinn', 'R'),
	('QuinnW', 'Quinn', 'Z'),
	('RakanE', 'Rakan', 'E'),
	('RakanQ', 'Rakan', 'A'),
	('RakanR', 'Rakan', 'R'),
	('RakanW', 'Rakan', 'Z'),
	('ReapTheWhirlwind', 'Janna', 'R'),
	('RekSaiE', 'RekSai', 'E'),
	('RekSaiQ', 'RekSai', 'A'),
	('RekSaiRWrapper', 'RekSai', 'R'),
	('RekSaiW', 'RekSai', 'Z'),
	('RellE', 'Rell', 'E'),
	('RellQ', 'Rell', 'A'),
	('RellR', 'Rell', 'R'),
	('RellW_Dismount', 'Rell', 'Z'),
	('RenataE', 'Renata', 'E'),
	('RenataQ', 'Renata', 'A'),
	('RenataR', 'Renata', 'R'),
	('RenataW', 'Renata', 'Z'),
	('RenektonCleave', 'Renekton', 'A'),
	('RenektonPreExecute', 'Renekton', 'Z'),
	('RenektonReignOfTheTyrant', 'Renekton', 'R'),
	('RenektonSliceAndDice', 'Renekton', 'E'),
	('RengarE', 'Rengar', 'E'),
	('RengarQ', 'Rengar', 'A'),
	('RengarR', 'Rengar', 'R'),
	('RengarW', 'Rengar', 'Z'),
	('RiftWalk', 'Kassadin', 'R'),
	('RivenFeint', 'Riven', 'E'),
	('RivenFengShuiEngine', 'Riven', 'R'),
	('RivenMartyr', 'Riven', 'Z'),
	('RivenTriCleave', 'Riven', 'A'),
	('RocketGrab', 'Blitzcrank', 'A'),
	('RumbleCarpetBomb', 'Rumble', 'R'),
	('RumbleFlameThrower', 'Rumble', 'A'),
	('RumbleGrenade', 'Rumble', 'E'),
	('RumbleShield', 'Rumble', 'Z'),
	('Rupture', 'Chogath', 'A'),
	('RyzeE', 'Ryze', 'E'),
	('RyzeQWrapper', 'Ryze', 'A'),
	('RyzeR', 'Ryze', 'R'),
	('RyzeW', 'Ryze', 'Z'),
	('SamiraE', 'Samira', 'E'),
	('SamiraQ', 'Samira', 'A'),
	('SamiraR', 'Samira', 'R'),
	('SamiraW', 'Samira', 'Z'),
	('SeismicShard', 'Malphite', 'A'),
	('SejuaniE', 'Sejuani', 'E'),
	('SejuaniQ', 'Sejuani', 'A'),
	('SejuaniR', 'Sejuani', 'R'),
	('SejuaniW', 'Sejuani', 'Z'),
	('SennaE', 'Senna', 'E'),
	('SennaQ', 'Senna', 'A'),
	('SennaR', 'Senna', 'R'),
	('SennaW', 'Senna', 'Z'),
	('SeraphineE', 'Seraphine', 'E'),
	('SeraphineQ', 'Seraphine', 'A'),
	('SeraphineR', 'Seraphine', 'R'),
	('SeraphineW', 'Seraphine', 'Z'),
	('SettE', 'Sett', 'E'),
	('SettQ', 'Sett', 'A'),
	('SettR', 'Sett', 'R'),
	('SettW', 'Sett', 'Z'),
	('ShenE', 'Shen', 'E'),
	('ShenQ', 'Shen', 'A'),
	('ShenR', 'Shen', 'R'),
	('ShenW', 'Shen', 'Z'),
	('ShyvanaDoubleAttack', 'Shyvana', 'A'),
	('ShyvanaFireball', 'Shyvana', 'E'),
	('ShyvanaImmolationAura', 'Shyvana', 'Z'),
	('ShyvanaTransformCast', 'Shyvana', 'R'),
	('SionE', 'Sion', 'E'),
	('SionQ', 'Sion', 'A'),
	('SionR', 'Sion', 'R'),
	('SionW', 'Sion', 'Z'),
	('SivirE', 'Sivir', 'E'),
	('SivirQ', 'Sivir', 'A'),
	('SivirR', 'Sivir', 'R'),
	('SivirW', 'Sivir', 'Z'),
	('SkarnerExoskeleton', 'Skarner', 'Z'),
	('SkarnerFracture', 'Skarner', 'E'),
	('SkarnerImpale', 'Skarner', 'R'),
	('SkarnerVirulentSlash', 'Skarner', 'A'),
	('SonaE', 'Sona', 'E'),
	('SonaQ', 'Sona', 'A'),
	('SonaR', 'Sona', 'R'),
	('SonaW', 'Sona', 'Z'),
	('SorakaE', 'Soraka', 'E'),
	('SorakaQ', 'Soraka', 'A'),
	('SorakaR', 'Soraka', 'R'),
	('SorakaW', 'Soraka', 'Z'),
	('SowTheWind', 'Janna', 'Z'),
	('StaticField', 'Blitzcrank', 'R'),
	('SwainE', 'Swain', 'E'),
	('SwainQ', 'Swain', 'A'),
	('SwainR', 'Swain', 'R'),
	('SwainW', 'Swain', 'Z'),
	('SylasE', 'Sylas', 'E'),
	('SylasQ', 'Sylas', 'A'),
	('SylasR', 'Sylas', 'R'),
	('SylasW', 'Sylas', 'Z'),
	('SyndraE', 'Syndra', 'E'),
	('SyndraQ', 'Syndra', 'A'),
	('SyndraR', 'Syndra', 'R'),
	('SyndraW', 'Syndra', 'Z'),
	('TahmKenchE', 'TahmKench', 'E'),
	('TahmKenchQ', 'TahmKench', 'A'),
	('TahmKenchRWrapper', 'TahmKench', 'R'),
	('TahmKenchW', 'TahmKench', 'Z'),
	('TaliyahE', 'Taliyah', 'E'),
	('TaliyahQ', 'Taliyah', 'A'),
	('TaliyahR', 'Taliyah', 'R'),
	('TaliyahWVC', 'Taliyah', 'Z'),
	('TalonE', 'Talon', 'E'),
	('TalonQ', 'Talon', 'A'),
	('TalonR', 'Talon', 'R'),
	('TalonW', 'Talon', 'Z'),
	('Tantrum', 'Amumu', 'E'),
	('TaricE', 'Taric', 'E'),
	('TaricQ', 'Taric', 'A'),
	('TaricR', 'Taric', 'R'),
	('TaricW', 'Taric', 'Z'),
	('TeemoRCast', 'Teemo', 'R'),
	('ThreshE', 'Thresh', 'E'),
	('ThreshQ', 'Thresh', 'A'),
	('ThreshRPenta', 'Thresh', 'R'),
	('ThreshW', 'Thresh', 'Z'),
	('TimeWarp', 'Zilean', 'E'),
	('ToxicShot', 'Teemo', 'E'),
	('Tremors2', 'Rammus', 'R'),
	('TristanaE', 'Tristana', 'E'),
	('TristanaQ', 'Tristana', 'A'),
	('TristanaR', 'Tristana', 'R'),
	('TristanaW', 'Tristana', 'Z'),
	('TrundleCircle', 'Trundle', 'E'),
	('trundledesecrate', 'Trundle', 'Z'),
	('TrundlePain', 'Trundle', 'R'),
	('TrundleTrollSmash', 'Trundle', 'A'),
	('TryndamereE', 'Tryndamere', 'E'),
	('TryndamereQ', 'Tryndamere', 'A'),
	('TryndamereW', 'Tryndamere', 'Z'),
	('TwitchExpunge', 'Twitch', 'E'),
	('TwitchFullAutomatic', 'Twitch', 'R'),
	('TwitchHideInShadows', 'Twitch', 'A'),
	('TwitchVenomCask', 'Twitch', 'Z'),
	('TwoShivPoison', 'Shaco', 'E'),
	('UdyrE', 'Udyr', 'E'),
	('UdyrQ', 'Udyr', 'A'),
	('UdyrR', 'Udyr', 'R'),
	('UdyrW', 'Udyr', 'Z'),
	('UFSlash', 'Malphite', 'R'),
	('UndyingRage', 'Tryndamere', 'R'),
	('UrgotE', 'Urgot', 'E'),
	('UrgotQ', 'Urgot', 'A'),
	('UrgotR', 'Urgot', 'R'),
	('UrgotW', 'Urgot', 'Z'),
	('VarusE', 'Varus', 'E'),
	('VarusQ', 'Varus', 'A'),
	('VarusR', 'Varus', 'R'),
	('VarusW', 'Varus', 'Z'),
	('VayneCondemn', 'Vayne', 'E'),
	('VayneInquisition', 'Vayne', 'R'),
	('VayneSilveredBolts', 'Vayne', 'Z'),
	('VayneTumble', 'Vayne', 'A'),
	('VeigarBalefulStrike', 'Veigar', 'A'),
	('VeigarDarkMatter', 'Veigar', 'Z'),
	('VeigarEventHorizon', 'Veigar', 'E'),
	('VeigarR', 'Veigar', 'R'),
	('VelkozE', 'Velkoz', 'E'),
	('VelkozQ', 'Velkoz', 'A'),
	('VelkozR', 'Velkoz', 'R'),
	('VelkozW', 'Velkoz', 'Z'),
	('VexE', 'Vex', 'E'),
	('VexQ', 'Vex', 'A'),
	('VexR', 'Vex', 'R'),
	('VexW', 'Vex', 'Z'),
	('ViE', 'Vi', 'E'),
	('ViegoE', 'Viego', 'E'),
	('ViegoQ', 'Viego', 'A'),
	('ViegoR', 'Viego', 'R'),
	('ViegoW', 'Viego', 'Z'),
	('ViktorChaosStorm', 'Viktor', 'R'),
	('ViktorDeathRay', 'Viktor', 'E'),
	('ViktorGravitonField', 'Viktor', 'Z'),
	('ViktorPowerTransfer', 'Viktor', 'A'),
	('ViQ', 'Vi', 'A'),
	('ViR', 'Vi', 'R'),
	('ViW', 'Vi', 'Z'),
	('VladimirE', 'Vladimir', 'E'),
	('VladimirHemoplague', 'Vladimir', 'R'),
	('VladimirQ', 'Vladimir', 'A'),
	('VladimirSanguinePool', 'Vladimir', 'Z'),
	('VolibearE', 'Volibear', 'E'),
	('VolibearQ', 'Volibear', 'A'),
	('VolibearR', 'Volibear', 'R'),
	('VolibearW', 'Volibear', 'Z'),
	('Volley', 'Ashe', 'Z'),
	('VorpalSpikes', 'Chogath', 'E'),
	('WarwickE', 'Warwick', 'E'),
	('WarwickQ', 'Warwick', 'A'),
	('WarwickR', 'Warwick', 'R'),
	('WarwickW', 'Warwick', 'Z'),
	('WildCards', 'TwistedFate', 'A'),
	('WujuStyle', 'MasterYi', 'E'),
	('XayahE', 'Xayah', 'E'),
	('XayahQ', 'Xayah', 'A'),
	('XayahR', 'Xayah', 'R'),
	('XayahW', 'Xayah', 'Z'),
	('XerathArcaneBarrage2', 'Xerath', 'Z'),
	('XerathArcanopulseChargeUp', 'Xerath', 'A'),
	('XerathLocusOfPower2', 'Xerath', 'R'),
	('XerathMageSpear', 'Xerath', 'E'),
	('XinZhaoE', 'XinZhao', 'E'),
	('XinZhaoQ', 'XinZhao', 'A'),
	('XinZhaoR', 'XinZhao', 'R'),
	('XinZhaoW', 'XinZhao', 'Z'),
	('YasuoE', 'Yasuo', 'E'),
	('YasuoQ1Wrapper', 'Yasuo', 'A'),
	('YasuoR', 'Yasuo', 'R'),
	('YasuoW', 'Yasuo', 'Z'),
	('YoneE', 'Yone', 'E'),
	('YoneQ', 'Yone', 'A'),
	('YoneR', 'Yone', 'R'),
	('YoneW', 'Yone', 'Z'),
	('YorickE', 'Yorick', 'E'),
	('YorickQ', 'Yorick', 'A'),
	('YorickR', 'Yorick', 'R'),
	('YorickW', 'Yorick', 'Z'),
	('YuumiE', 'Yuumi', 'E'),
	('YuumiQ', 'Yuumi', 'A'),
	('YuumiR', 'Yuumi', 'R'),
	('YuumiW', 'Yuumi', 'Z'),
	('ZacE', 'Zac', 'E'),
	('ZacQ', 'Zac', 'A'),
	('ZacR', 'Zac', 'R'),
	('ZacW', 'Zac', 'Z'),
	('ZedE', 'Zed', 'E'),
	('ZedQ', 'Zed', 'A'),
	('ZedR', 'Zed', 'R'),
	('ZedW', 'Zed', 'Z'),
	('ZeriE', 'Zeri', 'E'),
	('ZeriQ', 'Zeri', 'A'),
	('ZeriR', 'Zeri', 'R'),
	('ZeriW', 'Zeri', 'Z'),
	('ZiggsE', 'Ziggs', 'E'),
	('ZiggsQ', 'Ziggs', 'A'),
	('ZiggsR', 'Ziggs', 'R'),
	('ZiggsW', 'Ziggs', 'Z'),
	('ZileanQ', 'Zilean', 'A'),
	('ZileanW', 'Zilean', 'Z'),
	('ZoeE', 'Zoe', 'E'),
	('ZoeQ', 'Zoe', 'A'),
	('ZoeR', 'Zoe', 'R'),
	('ZoeW', 'Zoe', 'Z'),
	('ZyraE', 'Zyra', 'E'),
	('ZyraQ', 'Zyra', 'A'),
	('ZyraR', 'Zyra', 'R'),
	('ZyraW', 'Zyra', 'Z');

-- Listage de la structure de table guidelol. data_item
CREATE TABLE IF NOT EXISTS `data_item` (
  `id` int NOT NULL,
  PRIMARY KEY (`id`)
) ENGINE=InnoDB DEFAULT CHARSET=utf8mb4 COLLATE=utf8mb4_unicode_ci;

-- Listage des données de la table guidelol.data_item : ~435 rows (environ)
INSERT INTO `data_item` (`id`) VALUES
	(1001),
	(1004),
	(1006),
	(1011),
	(1018),
	(1026),
	(1027),
	(1028),
	(1029),
	(1031),
	(1033),
	(1035),
	(1036),
	(1037),
	(1038),
	(1039),
	(1040),
	(1042),
	(1043),
	(1052),
	(1053),
	(1054),
	(1055),
	(1056),
	(1057),
	(1058),
	(1082),
	(1083),
	(1101),
	(1102),
	(1103),
	(1104),
	(1500),
	(1501),
	(1502),
	(1503),
	(1504),
	(1506),
	(1507),
	(1508),
	(1509),
	(1510),
	(1511),
	(1512),
	(1515),
	(1516),
	(1517),
	(1518),
	(1519),
	(1520),
	(1521),
	(1522),
	(2003),
	(2010),
	(2015),
	(2019),
	(2031),
	(2033),
	(2049),
	(2050),
	(2051),
	(2052),
	(2055),
	(2065),
	(2138),
	(2139),
	(2140),
	(2141),
	(2142),
	(2143),
	(2144),
	(2403),
	(2419),
	(2420),
	(2421),
	(2422),
	(2423),
	(2424),
	(3001),
	(3003),
	(3004),
	(3005),
	(3006),
	(3009),
	(3011),
	(3012),
	(3020),
	(3023),
	(3024),
	(3026),
	(3031),
	(3033),
	(3035),
	(3036),
	(3039),
	(3040),
	(3041),
	(3042),
	(3044),
	(3046),
	(3047),
	(3050),
	(3051),
	(3053),
	(3057),
	(3065),
	(3066),
	(3067),
	(3068),
	(3070),
	(3071),
	(3072),
	(3074),
	(3075),
	(3076),
	(3077),
	(3078),
	(3082),
	(3083),
	(3084),
	(3085),
	(3086),
	(3087),
	(3089),
	(3091),
	(3094),
	(3095),
	(3100),
	(3102),
	(3105),
	(3107),
	(3108),
	(3109),
	(3110),
	(3111),
	(3112),
	(3113),
	(3114),
	(3115),
	(3116),
	(3117),
	(3119),
	(3121),
	(3123),
	(3124),
	(3128),
	(3131),
	(3133),
	(3134),
	(3135),
	(3139),
	(3140),
	(3142),
	(3143),
	(3145),
	(3146),
	(3152),
	(3153),
	(3155),
	(3156),
	(3157),
	(3158),
	(3161),
	(3165),
	(3172),
	(3177),
	(3179),
	(3181),
	(3184),
	(3190),
	(3191),
	(3193),
	(3211),
	(3222),
	(3330),
	(3340),
	(3348),
	(3349),
	(3363),
	(3364),
	(3400),
	(3430),
	(3504),
	(3508),
	(3513),
	(3599),
	(3600),
	(3742),
	(3748),
	(3801),
	(3802),
	(3803),
	(3814),
	(3850),
	(3851),
	(3853),
	(3854),
	(3855),
	(3857),
	(3858),
	(3859),
	(3860),
	(3862),
	(3863),
	(3864),
	(3901),
	(3902),
	(3903),
	(3916),
	(4003),
	(4004),
	(4005),
	(4010),
	(4401),
	(4402),
	(4403),
	(4628),
	(4629),
	(4630),
	(4632),
	(4633),
	(4635),
	(4636),
	(4637),
	(4638),
	(4641),
	(4642),
	(4643),
	(4644),
	(4645),
	(6029),
	(6035),
	(6333),
	(6609),
	(6616),
	(6617),
	(6620),
	(6630),
	(6631),
	(6632),
	(6653),
	(6655),
	(6656),
	(6657),
	(6660),
	(6662),
	(6664),
	(6665),
	(6667),
	(6670),
	(6671),
	(6672),
	(6673),
	(6675),
	(6676),
	(6677),
	(6691),
	(6692),
	(6693),
	(6694),
	(6695),
	(6696),
	(7000),
	(7001),
	(7002),
	(7005),
	(7006),
	(7009),
	(7010),
	(7011),
	(7012),
	(7013),
	(7014),
	(7015),
	(7016),
	(7017),
	(7018),
	(7019),
	(7020),
	(7021),
	(7023),
	(7024),
	(7025),
	(7026),
	(7027),
	(7028),
	(7029),
	(7030),
	(7031),
	(7032),
	(7033),
	(7050),
	(8001),
	(8020),
	(222051),
	(222065),
	(223001),
	(223003),
	(223004),
	(223005),
	(223006),
	(223009),
	(223011),
	(223020),
	(223026),
	(223031),
	(223033),
	(223036),
	(223039),
	(223040),
	(223042),
	(223046),
	(223047),
	(223050),
	(223053),
	(223065),
	(223068),
	(223071),
	(223072),
	(223074),
	(223075),
	(223078),
	(223084),
	(223085),
	(223087),
	(223089),
	(223091),
	(223094),
	(223095),
	(223100),
	(223102),
	(223107),
	(223109),
	(223110),
	(223111),
	(223112),
	(223115),
	(223116),
	(223119),
	(223121),
	(223124),
	(223135),
	(223139),
	(223142),
	(223143),
	(223146),
	(223152),
	(223153),
	(223156),
	(223157),
	(223158),
	(223161),
	(223165),
	(223172),
	(223177),
	(223181),
	(223184),
	(223185),
	(223190),
	(223193),
	(223222),
	(223504),
	(223508),
	(223742),
	(223748),
	(223814),
	(224004),
	(224005),
	(224401),
	(224403),
	(224628),
	(224629),
	(224633),
	(224636),
	(224637),
	(224644),
	(224645),
	(226035),
	(226333),
	(226609),
	(226616),
	(226617),
	(226620),
	(226630),
	(226631),
	(226632),
	(226653),
	(226655),
	(226656),
	(226657),
	(226662),
	(226664),
	(226665),
	(226667),
	(226671),
	(226672),
	(226673),
	(226675),
	(226676),
	(226691),
	(226692),
	(226693),
	(226694),
	(226695),
	(226696),
	(227001),
	(227002),
	(227005),
	(227006),
	(227009),
	(227010),
	(227011),
	(227012),
	(227013),
	(227014),
	(227015),
	(227016),
	(227017),
	(227018),
	(227019),
	(227020),
	(227021),
	(227023),
	(227024),
	(227025),
	(227026),
	(227027),
	(227028),
	(227029),
	(227030),
	(227031),
	(227032),
	(227033),
	(228001),
	(228020);

-- Listage de la structure de table guidelol. data_rune
CREATE TABLE IF NOT EXISTS `data_rune` (
  `id` int NOT NULL,
  `rune_arbre` varchar(20) COLLATE utf8mb4_unicode_ci NOT NULL,
  `rune_type` varchar(20) COLLATE utf8mb4_unicode_ci NOT NULL,
  `ordre` int NOT NULL,
  PRIMARY KEY (`id`)
) ENGINE=InnoDB DEFAULT CHARSET=utf8mb4 COLLATE=utf8mb4_unicode_ci;

-- Listage des données de la table guidelol.data_rune : ~63 rows (environ)
INSERT INTO `data_rune` (`id`, `rune_arbre`, `rune_type`, `ordre`) VALUES
	(8005, 'Precision', 'Primary', 0),
	(8008, 'Precision', 'Primary', 1),
	(8009, 'Precision', 'Secondary1', 2),
	(8010, 'Precision', 'Primary', 3),
	(8014, 'Precision', 'Secondary3', 0),
	(8017, 'Precision', 'Secondary3', 1),
	(8021, 'Precision', 'Primary', 2),
	(8105, 'Domination', 'Secondary3', 2),
	(8106, 'Domination', 'Secondary3', 3),
	(8112, 'Domination', 'Primary', 0),
	(8120, 'Domination', 'Secondary2', 1),
	(8124, 'Domination', 'Primary', 1),
	(8126, 'Domination', 'Secondary1', 0),
	(8128, 'Domination', 'Primary', 2),
	(8134, 'Domination', 'Secondary3', 1),
	(8135, 'Domination', 'Secondary3', 0),
	(8136, 'Domination', 'Secondary2', 0),
	(8138, 'Domination', 'Secondary2', 2),
	(8139, 'Domination', 'Secondary1', 1),
	(8143, 'Domination', 'Secondary1', 2),
	(8210, 'Sorcery', 'Secondary2', 0),
	(8214, 'Sorcery', 'Primary', 0),
	(8224, 'Sorcery', 'Secondary1', 0),
	(8226, 'Sorcery', 'Secondary1', 1),
	(8229, 'Sorcery', 'Primary', 1),
	(8230, 'Sorcery', 'Primary', 2),
	(8232, 'Sorcery', 'Secondary3', 1),
	(8233, 'Sorcery', 'Secondary2', 2),
	(8234, 'Sorcery', 'Secondary2', 1),
	(8236, 'Sorcery', 'Secondary3', 2),
	(8237, 'Sorcery', 'Secondary3', 0),
	(8242, 'Resolve', 'Secondary3', 2),
	(8275, 'Sorcery', 'Secondary1', 2),
	(8299, 'Precision', 'Secondary3', 2),
	(8304, 'Inspiration', 'Secondary1', 1),
	(8306, 'Inspiration', 'Secondary1', 0),
	(8313, 'Inspiration', 'Secondary1', 2),
	(8316, 'Inspiration', 'Secondary2', 1),
	(8321, 'Inspiration', 'Secondary2', 0),
	(8345, 'Inspiration', 'Secondary2', 2),
	(8347, 'Inspiration', 'Secondary3', 0),
	(8351, 'Inspiration', 'Primary', 0),
	(8352, 'Inspiration', 'Secondary3', 2),
	(8360, 'Inspiration', 'Primary', 1),
	(8369, 'Inspiration', 'Primary', 2),
	(8401, 'Resolve', 'Secondary1', 2),
	(8410, 'Inspiration', 'Secondary3', 1),
	(8429, 'Resolve', 'Secondary2', 0),
	(8437, 'Resolve', 'Primary', 0),
	(8439, 'Resolve', 'Primary', 1),
	(8444, 'Resolve', 'Secondary2', 1),
	(8446, 'Resolve', 'Secondary1', 0),
	(8451, 'Resolve', 'Secondary3', 0),
	(8453, 'Resolve', 'Secondary3', 1),
	(8463, 'Resolve', 'Secondary1', 1),
	(8465, 'Resolve', 'Primary', 2),
	(8473, 'Resolve', 'Secondary2', 2),
	(9101, 'Precision', 'Secondary1', 0),
	(9103, 'Precision', 'Secondary2', 2),
	(9104, 'Precision', 'Secondary2', 0),
	(9105, 'Precision', 'Secondary2', 1),
	(9111, 'Precision', 'Secondary1', 1),
	(9923, 'Domination', 'Primary', 3);

-- Listage de la structure de table guidelol. data_sort_invocateur
CREATE TABLE IF NOT EXISTS `data_sort_invocateur` (
  `id` varchar(30) COLLATE utf8mb4_unicode_ci NOT NULL,
  PRIMARY KEY (`id`)
) ENGINE=InnoDB DEFAULT CHARSET=utf8mb4 COLLATE=utf8mb4_unicode_ci;

-- Listage des données de la table guidelol.data_sort_invocateur : ~11 rows (environ)
INSERT INTO `data_sort_invocateur` (`id`) VALUES
	('SummonerBarrier'),
	('SummonerBoost'),
	('SummonerDot'),
	('SummonerExhaust'),
	('SummonerFlash'),
	('SummonerHaste'),
	('SummonerHeal'),
	('SummonerMana'),
	('SummonerSmite'),
	('SummonerSnowball'),
	('SummonerTeleport');

-- Listage de la structure de table guidelol. data_statistique_bonus
CREATE TABLE IF NOT EXISTS `data_statistique_bonus` (
  `id` int NOT NULL,
  `bonus_value` varchar(50) COLLATE utf8mb4_unicode_ci NOT NULL,
  `bonus_line` int NOT NULL,
  `icon` varchar(255) COLLATE utf8mb4_unicode_ci NOT NULL,
  PRIMARY KEY (`id`)
) ENGINE=InnoDB DEFAULT CHARSET=utf8mb4 COLLATE=utf8mb4_unicode_ci;

-- Listage des données de la table guidelol.data_statistique_bonus : ~9 rows (environ)
INSERT INTO `data_statistique_bonus` (`id`, `bonus_value`, `bonus_line`, `icon`) VALUES
	(1, '+9 force adaptative', 1, '/perk-images/StatMods/StatModsAdaptiveForceIcon.png'),
	(2, '+10% vitesse d\'attaque', 1, '/perk-images/StatMods/StatModsAttackSpeedIcon.png'),
	(3, '+8 accélération de compétence', 1, '/perk-images/StatMods/StatModsCDRScalingIcon.png'),
	(4, '+9 force adaptative', 2, '/perk-images/StatMods/StatModsAdaptiveForceIcon.png'),
	(5, '+6 armure', 2, '/perk-images/StatMods/StatModsArmorIcon.png'),
	(6, '+8 résistance magique', 2, '/perk-images/StatMods/StatModsMagicResIcon.png'),
	(7, '+15 - 140 PV (selon le niveau)', 3, '/perk-images/StatMods/StatModsHealthScalingIcon.png'),
	(8, '+6 armure', 3, '/perk-images/StatMods/StatModsArmorIcon.png'),
	(9, '+8 résistance magique', 3, '/perk-images/StatMods/StatModsMagicResIcon.png');

-- Listage de la structure de table guidelol. doctrine_migration_versions
CREATE TABLE IF NOT EXISTS `doctrine_migration_versions` (
  `version` varchar(191) COLLATE utf8mb3_unicode_ci NOT NULL,
  `executed_at` datetime DEFAULT NULL,
  `execution_time` int DEFAULT NULL,
  PRIMARY KEY (`version`)
) ENGINE=InnoDB DEFAULT CHARSET=utf8mb3 COLLATE=utf8mb3_unicode_ci;

-- Listage des données de la table guidelol.doctrine_migration_versions : ~0 rows (environ)

-- Listage de la structure de table guidelol. ensemble_items_groups
CREATE TABLE IF NOT EXISTS `ensemble_items_groups` (
  `id` int NOT NULL AUTO_INCREMENT,
  `titre` varchar(50) COLLATE utf8mb4_unicode_ci DEFAULT NULL,
  `ordre` int NOT NULL,
  `guide_id` int DEFAULT NULL,
  PRIMARY KEY (`id`),
  KEY `IDX_68A1E5FBD7ED1D4B` (`guide_id`),
  CONSTRAINT `FK_68A1E5FBD7ED1D4B` FOREIGN KEY (`guide_id`) REFERENCES `guide` (`id`)
) ENGINE=InnoDB AUTO_INCREMENT=23 DEFAULT CHARSET=utf8mb4 COLLATE=utf8mb4_unicode_ci;

-- Listage des données de la table guidelol.ensemble_items_groups : ~0 rows (environ)

-- Listage de la structure de table guidelol. guide
CREATE TABLE IF NOT EXISTS `guide` (
  `id` int NOT NULL AUTO_INCREMENT,
  `champion_id` varchar(20) COLLATE utf8mb4_unicode_ci NOT NULL,
  `titre` varchar(100) COLLATE utf8mb4_unicode_ci NOT NULL,
  `voie` varchar(10) COLLATE utf8mb4_unicode_ci NOT NULL,
  `created_at` datetime NOT NULL COMMENT '(DC2Type:datetime_immutable)',
  `modified_at` datetime DEFAULT NULL COMMENT '(DC2Type:datetime_immutable)',
  `user_id` int NOT NULL,
  PRIMARY KEY (`id`),
  KEY `IDX_CA9EC735FA7FD7EB` (`champion_id`),
  KEY `IDX_CA9EC735A76ED395` (`user_id`),
  CONSTRAINT `FK_CA9EC735A76ED395` FOREIGN KEY (`user_id`) REFERENCES `user` (`id`),
  CONSTRAINT `FK_CA9EC735FA7FD7EB` FOREIGN KEY (`champion_id`) REFERENCES `data_champion` (`id`)
) ENGINE=InnoDB AUTO_INCREMENT=76 DEFAULT CHARSET=utf8mb4 COLLATE=utf8mb4_unicode_ci;

-- Listage des données de la table guidelol.guide : ~0 rows (environ)

-- Listage de la structure de table guidelol. items_group
CREATE TABLE IF NOT EXISTS `items_group` (
  `id` int NOT NULL AUTO_INCREMENT,
  `ensemble_items_groups_id` int DEFAULT NULL,
  `titre` varchar(50) COLLATE utf8mb4_unicode_ci DEFAULT NULL,
  `commentaire` longtext COLLATE utf8mb4_unicode_ci,
  `ordre` int NOT NULL,
  PRIMARY KEY (`id`),
  KEY `IDX_691C8E7E5D08CDBE` (`ensemble_items_groups_id`),
  CONSTRAINT `FK_691C8E7E5D08CDBE` FOREIGN KEY (`ensemble_items_groups_id`) REFERENCES `ensemble_items_groups` (`id`)
) ENGINE=InnoDB AUTO_INCREMENT=31 DEFAULT CHARSET=utf8mb4 COLLATE=utf8mb4_unicode_ci;

-- Listage des données de la table guidelol.items_group : ~0 rows (environ)

-- Listage de la structure de table guidelol. messenger_messages
CREATE TABLE IF NOT EXISTS `messenger_messages` (
  `id` bigint NOT NULL AUTO_INCREMENT,
  `body` longtext COLLATE utf8mb4_unicode_ci NOT NULL,
  `headers` longtext COLLATE utf8mb4_unicode_ci NOT NULL,
  `queue_name` varchar(190) COLLATE utf8mb4_unicode_ci NOT NULL,
  `created_at` datetime NOT NULL COMMENT '(DC2Type:datetime_immutable)',
  `available_at` datetime NOT NULL COMMENT '(DC2Type:datetime_immutable)',
  `delivered_at` datetime DEFAULT NULL COMMENT '(DC2Type:datetime_immutable)',
  PRIMARY KEY (`id`),
  KEY `IDX_75EA56E0FB7336F0` (`queue_name`),
  KEY `IDX_75EA56E0E3BD61CE` (`available_at`),
  KEY `IDX_75EA56E016BA31DB` (`delivered_at`)
) ENGINE=InnoDB AUTO_INCREMENT=28 DEFAULT CHARSET=utf8mb4 COLLATE=utf8mb4_unicode_ci;

-- Listage des données de la table guidelol.messenger_messages : ~0 rows (environ)

-- Listage de la structure de table guidelol. runes_page
CREATE TABLE IF NOT EXISTS `runes_page` (
  `id` int NOT NULL AUTO_INCREMENT,
  `guide_id` int NOT NULL,
  `titre` varchar(50) COLLATE utf8mb4_unicode_ci DEFAULT NULL,
  `commentaire` longtext COLLATE utf8mb4_unicode_ci,
  `ordre` int NOT NULL,
  PRIMARY KEY (`id`),
  KEY `IDX_B55624CBD7ED1D4B` (`guide_id`),
  CONSTRAINT `FK_B55624CBD7ED1D4B` FOREIGN KEY (`guide_id`) REFERENCES `guide` (`id`)
) ENGINE=InnoDB AUTO_INCREMENT=36 DEFAULT CHARSET=utf8mb4 COLLATE=utf8mb4_unicode_ci;

-- Listage des données de la table guidelol.runes_page : ~0 rows (environ)

-- Listage de la structure de table guidelol. sort_invocateur
CREATE TABLE IF NOT EXISTS `sort_invocateur` (
  `id` int NOT NULL AUTO_INCREMENT,
  `guide_id` int NOT NULL,
  `titre` varchar(50) COLLATE utf8mb4_unicode_ci DEFAULT NULL,
  `commentaire` longtext COLLATE utf8mb4_unicode_ci,
  `ordre` int NOT NULL,
  PRIMARY KEY (`id`),
  KEY `IDX_CEBB8376D7ED1D4B` (`guide_id`),
  CONSTRAINT `FK_CEBB8376D7ED1D4B` FOREIGN KEY (`guide_id`) REFERENCES `guide` (`id`)
) ENGINE=InnoDB AUTO_INCREMENT=56 DEFAULT CHARSET=utf8mb4 COLLATE=utf8mb4_unicode_ci;

-- Listage des données de la table guidelol.sort_invocateur : ~0 rows (environ)

-- Listage de la structure de table guidelol. user
CREATE TABLE IF NOT EXISTS `user` (
  `id` int NOT NULL AUTO_INCREMENT,
  `email` varchar(180) CHARACTER SET utf8mb4 COLLATE utf8mb4_unicode_ci NOT NULL,
  `password` varchar(255) CHARACTER SET utf8mb4 COLLATE utf8mb4_unicode_ci NOT NULL,
  `pseudo` varchar(20) CHARACTER SET utf8mb4 COLLATE utf8mb4_unicode_ci NOT NULL,
  `avatar` varchar(255) CHARACTER SET utf8mb4 COLLATE utf8mb4_unicode_ci NOT NULL,
  `roles` json NOT NULL,
  `create_at` datetime NOT NULL COMMENT '(DC2Type:datetime_immutable)',
  `is_verified` tinyint(1) NOT NULL,
  PRIMARY KEY (`id`),
  UNIQUE KEY `UNIQ_8D93D649E7927C74` (`email`),
  UNIQUE KEY `UNIQ_8D93D64986CC499D` (`pseudo`)
) ENGINE=InnoDB AUTO_INCREMENT=26 DEFAULT CHARSET=utf8mb4 COLLATE=utf8mb4_unicode_ci;

-- Listage des données de la table guidelol.user : ~2 rows (environ)
INSERT INTO `user` (`id`, `email`, `password`, `pseudo`, `avatar`, `roles`, `create_at`, `is_verified`) VALUES
	(24, 'test@gmail.com', '$2y$13$Wx8vmLAtyiwyGoQYytMNP.y0u0HMJPht9gjeU5kibQfXS4shLVStO', 'Snoux', 'avatar_24_1700005802.webp', '["ROLE_USER"]', '2023-11-14 13:14:05', 1),
	(25, 'test2@gmail.com', '$2y$13$rZj3SNjxT79nmq8LQRo3yeHwitCvACt1.eCkr8TunWRYY1BdDxajS', 'user2', 'asunacloud.webp', '["ROLE_USER"]', '2023-11-14 16:06:21', 1);

/*!40103 SET TIME_ZONE=IFNULL(@OLD_TIME_ZONE, 'system') */;
/*!40101 SET SQL_MODE=IFNULL(@OLD_SQL_MODE, '') */;
/*!40014 SET FOREIGN_KEY_CHECKS=IFNULL(@OLD_FOREIGN_KEY_CHECKS, 1) */;
/*!40101 SET CHARACTER_SET_CLIENT=@OLD_CHARACTER_SET_CLIENT */;
/*!40111 SET SQL_NOTES=IFNULL(@OLD_SQL_NOTES, 1) */;
